gov_id,gov_code,gov_type,gov_name,in_city,in_province
1,110000,2,北京市,0,0
2,110101,4,东城区,1,0
3,110102,4,西城区,1,0
4,110105,4,朝阳区,1,0
5,110106,4,丰台区,1,0
6,110107,4,石景山区,1,0
7,110108,4,海淀区,1,0
8,110109,4,门头沟区,1,0
9,110111,4,房山区,1,0
10,110112,4,通州区,1,0
11,110113,4,顺义区,1,0
12,110114,4,昌平区,1,0
13,110115,4,大兴区,1,0
14,110116,4,怀柔区,1,0
15,110117,4,平谷区,1,0
16,110118,4,密云区,1,0
17,110119,4,延庆区,1,0
5024,110171,7,北京中关村国家自主创新示范区,1,0
18,120000,2,天津市,0,0
19,120101,4,和平区,18,0
20,120102,4,河东区,18,0
21,120103,4,河西区,18,0
22,120104,4,南开区,18,0
23,120105,4,河北区,18,0
24,120106,4,红桥区,18,0
25,120110,4,东丽区,18,0
26,120111,4,西青区,18,0
27,120112,4,津南区,18,0
28,120113,4,北辰区,18,0
29,120114,4,武清区,18,0
30,120115,4,宝坻区,18,0
31,120116,4,滨海新区,18,0
32,120117,4,宁河区,18,0
33,120118,4,静海区,18,0
34,120119,4,蓟州区,18,0
5023,120171,7,天津滨海高新技术产业开发区,18,0
35,130000,0,河北省,0,0
36,130100,1,石家庄市,0,35
37,130102,3,长安区,36,35
38,130104,3,桥西区,36,35
39,130105,3,新华区,36,35
40,130107,3,井陉矿区,36,35
41,130108,3,裕华区,36,35
42,130109,3,藁城区,36,35
43,130110,3,鹿泉区,36,35
44,130111,3,栾城区,36,35
45,130121,3,井陉县,36,35
46,130123,3,正定县,36,35
47,130125,3,行唐县,36,35
48,130126,3,灵寿县,36,35
49,130127,3,高邑县,36,35
50,130128,3,深泽县,36,35
51,130129,3,赞皇县,36,35
52,130130,3,无极县,36,35
53,130131,3,平山县,36,35
54,130132,3,元氏县,36,35
55,130133,3,赵县,36,35
5012,130171,6,石家庄高新技术产业开发区,36,35
56,130181,3,辛集市,36,35
57,130183,3,晋州市,36,35
58,130184,3,新乐市,36,35
59,130200,1,唐山市,0,35
60,130202,3,路南区,59,35
61,130203,3,路北区,59,35
62,130204,3,古冶区,59,35
63,130205,3,开平区,59,35
64,130207,3,丰南区,59,35
65,130208,3,丰润区,59,35
66,130209,3,曹妃甸区,59,35
68,130224,3,滦南县,59,35
69,130225,3,乐亭县,59,35
70,130227,3,迁西县,59,35
71,130229,3,玉田县,59,35
72,130281,3,遵化市,59,35
73,130283,3,迁安市,59,35
67,130284,3,滦州市,59,35
74,130300,1,秦皇岛市,0,35
75,130302,3,海港区,74,35
76,130303,3,山海关区,74,35
77,130304,3,北戴河区,74,35
78,130306,3,抚宁区,74,35
79,130321,3,青龙满族自治县,74,35
80,130322,3,昌黎县,74,35
81,130324,3,卢龙县,74,35
82,130400,1,邯郸市,0,35
83,130402,3,邯山区,82,35
84,130403,3,丛台区,82,35
85,130404,3,复兴区,82,35
86,130406,3,峰峰矿区,82,35
93,130407,3,肥乡区,82,35
94,130408,3,永年区,82,35
88,130423,3,临漳县,82,35
89,130424,3,成安县,82,35
90,130425,3,大名县,82,35
91,130426,3,涉县,82,35
92,130427,3,磁县,82,35
95,130430,3,邱县,82,35
96,130431,3,鸡泽县,82,35
97,130432,3,广平县,82,35
98,130433,3,馆陶县,82,35
99,130434,3,魏县,82,35
100,130435,3,曲周县,82,35
101,130481,3,武安市,82,35
102,130500,1,邢台市,0,35
103,130502,3,桥东区,102,35
104,130503,3,桥西区,102,35
105,130521,3,邢台县,102,35
106,130522,3,临城县,102,35
107,130523,3,内丘县,102,35
108,130524,3,柏乡县,102,35
109,130525,3,隆尧县,102,35
110,130526,3,任县,102,35
111,130527,3,南和县,102,35
112,130528,3,宁晋县,102,35
113,130529,3,巨鹿县,102,35
114,130530,3,新河县,102,35
115,130531,3,广宗县,102,35
116,130532,3,平乡县,102,35
117,130533,3,威县,102,35
118,130534,3,清河县,102,35
119,130535,3,临西县,102,35
120,130581,3,南宫市,102,35
121,130582,3,沙河市,102,35
122,130600,1,保定市,0,35
123,130602,3,竞秀区,122,35
125,130606,3,莲池区,122,35
126,130607,3,满城区,122,35
127,130608,3,清苑区,122,35
128,130609,3,徐水区,122,35
129,130623,3,涞水县,122,35
130,130624,3,阜平县,122,35
131,130626,3,定兴县,122,35
132,130627,3,唐县,122,35
133,130628,3,高阳县,122,35
134,130629,3,容城县,122,35
135,130630,3,涞源县,122,35
136,130631,3,望都县,122,35
137,130632,3,安新县,122,35
138,130633,3,易县,122,35
139,130634,3,曲阳县,122,35
140,130635,3,蠡县,122,35
141,130636,3,顺平县,122,35
142,130637,3,博野县,122,35
143,130638,3,雄县,122,35
144,130681,3,涿州市,122,35
145,130682,3,定州市,122,35
146,130683,3,安国市,122,35
147,130684,3,高碑店市,122,35
148,130700,1,张家口市,0,35
149,130702,3,桥东区,148,35
150,130703,3,桥西区,148,35
151,130705,3,宣化区,148,35
152,130706,3,下花园区,148,35
161,130708,3,万全区,148,35
165,130709,3,崇礼区,148,35
154,130722,3,张北县,148,35
155,130723,3,康保县,148,35
156,130724,3,沽源县,148,35
157,130725,3,尚义县,148,35
158,130726,3,蔚县,148,35
159,130727,3,阳原县,148,35
160,130728,3,怀安县,148,35
162,130730,3,怀来县,148,35
163,130731,3,涿鹿县,148,35
164,130732,3,赤城县,148,35
166,130800,1,承德市,0,35
167,130802,3,双桥区,166,35
168,130803,3,双滦区,166,35
169,130804,3,鹰手营子矿区,166,35
170,130821,3,承德县,166,35
171,130822,3,兴隆县,166,35
173,130824,3,滦平县,166,35
174,130825,3,隆化县,166,35
175,130826,3,丰宁满族自治县,166,35
176,130827,3,宽城满族自治县,166,35
177,130828,3,围场满族蒙古族自治县,166,35
172,130881,3,平泉市,166,35
178,130900,1,沧州市,0,35
179,130902,3,新华区,178,35
180,130903,3,运河区,178,35
181,130921,3,沧县,178,35
182,130922,3,青县,178,35
183,130923,3,东光县,178,35
184,130924,3,海兴县,178,35
185,130925,3,盐山县,178,35
186,130926,3,肃宁县,178,35
187,130927,3,南皮县,178,35
188,130928,3,吴桥县,178,35
189,130929,3,献县,178,35
190,130930,3,孟村回族自治县,178,35
191,130981,3,泊头市,178,35
192,130982,3,任丘市,178,35
193,130983,3,黄骅市,178,35
194,130984,3,河间市,178,35
195,131000,1,廊坊市,0,35
196,131002,3,安次区,195,35
197,131003,3,广阳区,195,35
198,131022,3,固安县,195,35
199,131023,3,永清县,195,35
200,131024,3,香河县,195,35
201,131025,3,大城县,195,35
202,131026,3,文安县,195,35
203,131028,3,大厂回族自治县,195,35
204,131081,3,霸州市,195,35
205,131082,3,三河市,195,35
206,131100,1,衡水市,0,35
207,131102,3,桃城区,206,35
216,131103,3,冀州区,206,35
208,131121,3,枣强县,206,35
209,131122,3,武邑县,206,35
210,131123,3,武强县,206,35
211,131124,3,饶阳县,206,35
212,131125,3,安平县,206,35
213,131126,3,故城县,206,35
214,131127,3,景县,206,35
215,131128,3,阜城县,206,35
217,131182,3,深州市,206,35
218,140000,0,山西省,0,0
219,140100,1,太原市,0,218
220,140105,3,小店区,219,218
221,140106,3,迎泽区,219,218
222,140107,3,杏花岭区,219,218
223,140108,3,尖草坪区,219,218
224,140109,3,万柏林区,219,218
225,140110,3,晋源区,219,218
226,140121,3,清徐县,219,218
227,140122,3,阳曲县,219,218
228,140123,3,娄烦县,219,218
229,140181,3,古交市,219,218
230,140200,1,大同市,0,218
234,140212,3,新荣区,230,218
231,140213,3,平城区,230,218
3230,140214,3,云冈区,230,218
241,140215,3,云州区,230,218
235,140221,3,阳高县,230,218
236,140222,3,天镇县,230,218
237,140223,3,广灵县,230,218
238,140224,3,灵丘县,230,218
239,140225,3,浑源县,230,218
240,140226,3,左云县,230,218
242,140300,1,阳泉市,0,218
243,140302,3,城区,242,218
244,140303,3,矿区,242,218
245,140311,3,郊区,242,218
246,140321,3,平定县,242,218
247,140322,3,盂县,242,218
248,140400,1,长治市,0,218
3231,140403,3,潞州区,248,218
251,140404,3,上党区,248,218
253,140405,3,屯留区,248,218
261,140406,3,潞城区,248,218
252,140423,3,襄垣县,248,218
254,140425,3,平顺县,248,218
255,140426,3,黎城县,248,218
256,140427,3,壶关县,248,218
257,140428,3,长子县,248,218
258,140429,3,武乡县,248,218
259,140430,3,沁县,248,218
260,140431,3,沁源县,248,218
262,140500,1,晋城市,0,218
263,140502,3,城区,262,218
264,140521,3,沁水县,262,218
265,140522,3,阳城县,262,218
266,140524,3,陵川县,262,218
267,140525,3,泽州县,262,218
268,140581,3,高平市,262,218
269,140600,1,朔州市,0,218
270,140602,3,朔城区,269,218
271,140603,3,平鲁区,269,218
272,140621,3,山阴县,269,218
273,140622,3,应县,269,218
274,140623,3,右玉县,269,218
275,140681,3,怀仁市,269,218
276,140700,1,晋中市,0,218
277,140702,3,榆次区,276,218
278,140721,3,榆社县,276,218
279,140722,3,左权县,276,218
280,140723,3,和顺县,276,218
281,140724,3,昔阳县,276,218
282,140725,3,寿阳县,276,218
283,140726,3,太谷县,276,218
284,140727,3,祁县,276,218
285,140728,3,平遥县,276,218
286,140729,3,灵石县,276,218
287,140781,3,介休市,276,218
288,140800,1,运城市,0,218
289,140802,3,盐湖区,288,218
290,140821,3,临猗县,288,218
291,140822,3,万荣县,288,218
292,140823,3,闻喜县,288,218
293,140824,3,稷山县,288,218
294,140825,3,新绛县,288,218
295,140826,3,绛县,288,218
296,140827,3,垣曲县,288,218
297,140828,3,夏县,288,218
298,140829,3,平陆县,288,218
299,140830,3,芮城县,288,218
300,140881,3,永济市,288,218
301,140882,3,河津市,288,218
302,140900,1,忻州市,0,218
303,140902,3,忻府区,302,218
304,140921,3,定襄县,302,218
305,140922,3,五台县,302,218
306,140923,3,代县,302,218
307,140924,3,繁峙县,302,218
308,140925,3,宁武县,302,218
309,140926,3,静乐县,302,218
310,140927,3,神池县,302,218
311,140928,3,五寨县,302,218
312,140929,3,岢岚县,302,218
313,140930,3,河曲县,302,218
314,140931,3,保德县,302,218
315,140932,3,偏关县,302,218
316,140981,3,原平市,302,218
317,141000,1,临汾市,0,218
318,141002,3,尧都区,317,218
319,141021,3,曲沃县,317,218
320,141022,3,翼城县,317,218
321,141023,3,襄汾县,317,218
322,141024,3,洪洞县,317,218
323,141025,3,古县,317,218
324,141026,3,安泽县,317,218
325,141027,3,浮山县,317,218
326,141028,3,吉县,317,218
327,141029,3,乡宁县,317,218
328,141030,3,大宁县,317,218
329,141031,3,隰县,317,218
330,141032,3,永和县,317,218
331,141033,3,蒲县,317,218
332,141034,3,汾西县,317,218
333,141081,3,侯马市,317,218
334,141082,3,霍州市,317,218
335,141100,1,吕梁市,0,218
336,141102,3,离石区,335,218
337,141121,3,文水县,335,218
338,141122,3,交城县,335,218
339,141123,3,兴县,335,218
340,141124,3,临县,335,218
341,141125,3,柳林县,335,218
342,141126,3,石楼县,335,218
343,141127,3,岚县,335,218
344,141128,3,方山县,335,218
345,141129,3,中阳县,335,218
346,141130,3,交口县,335,218
347,141181,3,孝义市,335,218
348,141182,3,汾阳市,335,218
349,150000,0,内蒙古自治区,0,0
350,150100,1,呼和浩特市,0,349
351,150102,3,新城区,350,349
352,150103,3,回民区,350,349
353,150104,3,玉泉区,350,349
354,150105,3,赛罕区,350,349
355,150121,3,土默特左旗,350,349
356,150122,3,托克托县,350,349
357,150123,3,和林格尔县,350,349
358,150124,3,清水河县,350,349
359,150125,3,武川县,350,349
360,150200,1,包头市,0,349
361,150202,3,东河区,360,349
362,150203,3,昆都仑区,360,349
363,150204,3,青山区,360,349
364,150205,3,石拐区,360,349
365,150206,3,白云鄂博矿区,360,349
366,150207,3,九原区,360,349
367,150221,3,土默特右旗,360,349
368,150222,3,固阳县,360,349
369,150223,3,达尔罕茂明安联合旗,360,349
370,150300,1,乌海市,0,349
371,150302,3,海勃湾区,370,349
372,150303,3,海南区,370,349
373,150304,3,乌达区,370,349
374,150400,1,赤峰市,0,349
375,150402,3,红山区,374,349
376,150403,3,元宝山区,374,349
377,150404,3,松山区,374,349
378,150421,3,阿鲁科尔沁旗,374,349
379,150422,3,巴林左旗,374,349
380,150423,3,巴林右旗,374,349
381,150424,3,林西县,374,349
382,150425,3,克什克腾旗,374,349
383,150426,3,翁牛特旗,374,349
384,150428,3,喀喇沁旗,374,349
385,150429,3,宁城县,374,349
386,150430,3,敖汉旗,374,349
387,150500,1,通辽市,0,349
388,150502,3,科尔沁区,387,349
389,150521,3,科尔沁左翼中旗,387,349
390,150522,3,科尔沁左翼后旗,387,349
391,150523,3,开鲁县,387,349
392,150524,3,库伦旗,387,349
393,150525,3,奈曼旗,387,349
394,150526,3,扎鲁特旗,387,349
395,150581,3,霍林郭勒市,387,349
396,150600,1,鄂尔多斯市,0,349
397,150602,3,东胜区,396,349
3220,150603,3,康巴什区,396,349
398,150621,3,达拉特旗,396,349
399,150622,3,准格尔旗,396,349
400,150623,3,鄂托克前旗,396,349
401,150624,3,鄂托克旗,396,349
402,150625,3,杭锦旗,396,349
403,150626,3,乌审旗,396,349
404,150627,3,伊金霍洛旗,396,349
405,150700,1,呼伦贝尔市,0,349
406,150702,3,海拉尔区,405,349
407,150703,3,扎赉诺尔区,405,349
408,150721,3,阿荣旗,405,349
409,150722,3,莫力达瓦达斡尔族自治旗,405,349
410,150723,3,鄂伦春自治旗,405,349
411,150724,3,鄂温克族自治旗,405,349
412,150725,3,陈巴尔虎旗,405,349
413,150726,3,新巴尔虎左旗,405,349
414,150727,3,新巴尔虎右旗,405,349
415,150781,3,满洲里市,405,349
416,150782,3,牙克石市,405,349
417,150783,3,扎兰屯市,405,349
418,150784,3,额尔古纳市,405,349
419,150785,3,根河市,405,349
420,150800,1,巴彦淖尔市,0,349
421,150802,3,临河区,420,349
422,150821,3,五原县,420,349
423,150822,3,磴口县,420,349
424,150823,3,乌拉特前旗,420,349
425,150824,3,乌拉特中旗,420,349
426,150825,3,乌拉特后旗,420,349
427,150826,3,杭锦后旗,420,349
428,150900,1,乌兰察布市,0,349
429,150902,3,集宁区,428,349
430,150921,3,卓资县,428,349
431,150922,3,化德县,428,349
432,150923,3,商都县,428,349
433,150924,3,兴和县,428,349
434,150925,3,凉城县,428,349
435,150926,3,察哈尔右翼前旗,428,349
436,150927,3,察哈尔右翼中旗,428,349
437,150928,3,察哈尔右翼后旗,428,349
438,150929,3,四子王旗,428,349
439,150981,3,丰镇市,428,349
440,152200,1,兴安盟,0,349
441,152201,3,乌兰浩特市,440,349
442,152202,3,阿尔山市,440,349
443,152221,3,科尔沁右翼前旗,440,349
444,152222,3,科尔沁右翼中旗,440,349
445,152223,3,扎赉特旗,440,349
446,152224,3,突泉县,440,349
447,152500,1,锡林郭勒盟,0,349
448,152501,3,二连浩特市,447,349
449,152502,3,锡林浩特市,447,349
450,152522,3,阿巴嘎旗,447,349
451,152523,3,苏尼特左旗,447,349
452,152524,3,苏尼特右旗,447,349
453,152525,3,东乌珠穆沁旗,447,349
454,152526,3,西乌珠穆沁旗,447,349
455,152527,3,太仆寺旗,447,349
456,152528,3,镶黄旗,447,349
457,152529,3,正镶白旗,447,349
458,152530,3,正蓝旗,447,349
459,152531,3,多伦县,447,349
460,152900,1,阿拉善盟,0,349
461,152921,3,阿拉善左旗,460,349
462,152922,3,阿拉善右旗,460,349
463,152923,3,额济纳旗,460,349
464,210000,0,辽宁省,0,0
465,210100,1,沈阳市,0,464
466,210102,3,和平区,465,464
467,210103,3,沈河区,465,464
468,210104,3,大东区,465,464
469,210105,3,皇姑区,465,464
470,210106,3,铁西区,465,464
471,210111,3,苏家屯区,465,464
472,210112,3,浑南区,465,464
473,210113,3,沈北新区,465,464
474,210114,3,于洪区,465,464
475,210115,3,辽中区,465,464
476,210123,3,康平县,465,464
477,210124,3,法库县,465,464
478,210181,3,新民市,465,464
479,210200,1,大连市,0,464
480,210202,3,中山区,479,464
481,210203,3,西岗区,479,464
482,210204,3,沙河口区,479,464
483,210211,3,甘井子区,479,464
484,210212,3,旅顺口区,479,464
485,210213,3,金州区,479,464
486,210214,3,普兰店区,479,464
487,210224,3,长海县,479,464
488,210281,3,瓦房店市,479,464
489,210283,3,庄河市,479,464
490,210300,1,鞍山市,0,464
491,210302,3,铁东区,490,464
492,210303,3,铁西区,490,464
493,210304,3,立山区,490,464
494,210311,3,千山区,490,464
495,210321,3,台安县,490,464
496,210323,3,岫岩满族自治县,490,464
497,210381,3,海城市,490,464
498,210400,1,抚顺市,0,464
499,210402,3,新抚区,498,464
500,210403,3,东洲区,498,464
501,210404,3,望花区,498,464
502,210411,3,顺城区,498,464
503,210421,3,抚顺县,498,464
504,210422,3,新宾满族自治县,498,464
505,210423,3,清原满族自治县,498,464
506,210500,1,本溪市,0,464
507,210502,3,平山区,506,464
508,210503,3,溪湖区,506,464
509,210504,3,明山区,506,464
510,210505,3,南芬区,506,464
511,210521,3,本溪满族自治县,506,464
512,210522,3,桓仁满族自治县,506,464
513,210600,1,丹东市,0,464
514,210602,3,元宝区,513,464
515,210603,3,振兴区,513,464
516,210604,3,振安区,513,464
517,210624,3,宽甸满族自治县,513,464
518,210681,3,东港市,513,464
519,210682,3,凤城市,513,464
520,210700,1,锦州市,0,464
521,210702,3,古塔区,520,464
522,210703,3,凌河区,520,464
523,210711,3,太和区,520,464
524,210726,3,黑山县,520,464
525,210727,3,义县,520,464
526,210781,3,凌海市,520,464
527,210782,3,北镇市,520,464
528,210800,1,营口市,0,464
529,210802,3,站前区,528,464
530,210803,3,西市区,528,464
531,210804,3,鲅鱼圈区,528,464
532,210811,3,老边区,528,464
533,210881,3,盖州市,528,464
534,210882,3,大石桥市,528,464
535,210900,1,阜新市,0,464
536,210902,3,海州区,535,464
537,210903,3,新邱区,535,464
538,210904,3,太平区,535,464
539,210905,3,清河门区,535,464
540,210911,3,细河区,535,464
541,210921,3,阜新蒙古族自治县,535,464
542,210922,3,彰武县,535,464
543,211000,1,辽阳市,0,464
544,211002,3,白塔区,543,464
545,211003,3,文圣区,543,464
546,211004,3,宏伟区,543,464
547,211005,3,弓长岭区,543,464
548,211011,3,太子河区,543,464
549,211021,3,辽阳县,543,464
550,211081,3,灯塔市,543,464
551,211100,1,盘锦市,0,464
552,211102,3,双台子区,551,464
553,211103,3,兴隆台区,551,464
554,211104,3,大洼区,551,464
555,211122,3,盘山县,551,464
556,211200,1,铁岭市,0,464
557,211202,3,银州区,556,464
558,211204,3,清河区,556,464
559,211221,3,铁岭县,556,464
560,211223,3,西丰县,556,464
561,211224,3,昌图县,556,464
562,211281,3,调兵山市,556,464
563,211282,3,开原市,556,464
564,211300,1,朝阳市,0,464
565,211302,3,双塔区,564,464
566,211303,3,龙城区,564,464
567,211321,3,朝阳县,564,464
568,211322,3,建平县,564,464
569,211324,3,喀喇沁左翼蒙古族自治县,564,464
570,211381,3,北票市,564,464
571,211382,3,凌源市,564,464
572,211400,1,葫芦岛市,0,464
573,211402,3,连山区,572,464
574,211403,3,龙港区,572,464
575,211404,3,南票区,572,464
576,211421,3,绥中县,572,464
577,211422,3,建昌县,572,464
578,211481,3,兴城市,572,464
579,220000,0,吉林省,0,0
580,220100,1,长春市,0,579
581,220102,3,南关区,580,579
582,220103,3,宽城区,580,579
583,220104,3,朝阳区,580,579
584,220105,3,二道区,580,579
585,220106,3,绿园区,580,579
586,220112,3,双阳区,580,579
587,220113,3,九台区,580,579
588,220122,3,农安县,580,579
5016,220171,6,长春高新技术产业开发区,580,579
589,220182,3,榆树市,580,579
590,220183,3,德惠市,580,579
591,220200,1,吉林市,0,579
592,220202,3,昌邑区,591,579
593,220203,3,龙潭区,591,579
594,220204,3,船营区,591,579
595,220211,3,丰满区,591,579
596,220221,3,永吉县,591,579
597,220281,3,蛟河市,591,579
598,220282,3,桦甸市,591,579
599,220283,3,舒兰市,591,579
600,220284,3,磐石市,591,579
601,220300,1,四平市,0,579
602,220302,3,铁西区,601,579
603,220303,3,铁东区,601,579
604,220322,3,梨树县,601,579
605,220323,3,伊通满族自治县,601,579
606,220381,3,公主岭市,601,579
607,220382,3,双辽市,601,579
608,220400,1,辽源市,0,579
609,220402,3,龙山区,608,579
610,220403,3,西安区,608,579
611,220421,3,东丰县,608,579
612,220422,3,东辽县,608,579
613,220500,1,通化市,0,579
614,220502,3,东昌区,613,579
615,220503,3,二道江区,613,579
616,220521,3,通化县,613,579
617,220523,3,辉南县,613,579
618,220524,3,柳河县,613,579
619,220581,3,梅河口市,613,579
620,220582,3,集安市,613,579
621,220600,1,白山市,0,579
622,220602,3,浑江区,621,579
623,220605,3,江源区,621,579
624,220621,3,抚松县,621,579
625,220622,3,靖宇县,621,579
626,220623,3,长白朝鲜族自治县,621,579
627,220681,3,临江市,621,579
628,220700,1,松原市,0,579
629,220702,3,宁江区,628,579
630,220721,3,前郭尔罗斯蒙古族自治县,628,579
631,220722,3,长岭县,628,579
632,220723,3,乾安县,628,579
633,220781,3,扶余市,628,579
634,220800,1,白城市,0,579
635,220802,3,洮北区,634,579
636,220821,3,镇赉县,634,579
637,220822,3,通榆县,634,579
638,220881,3,洮南市,634,579
639,220882,3,大安市,634,579
640,222400,1,延边朝鲜族自治州,0,579
641,222401,3,延吉市,640,579
642,222402,3,图们市,640,579
643,222403,3,敦化市,640,579
644,222404,3,珲春市,640,579
645,222405,3,龙井市,640,579
646,222406,3,和龙市,640,579
647,222424,3,汪清县,640,579
648,222426,3,安图县,640,579
649,230000,0,黑龙江省,0,0
650,230100,1,哈尔滨市,0,649
651,230102,3,道里区,650,649
652,230103,3,南岗区,650,649
653,230104,3,道外区,650,649
654,230108,3,平房区,650,649
655,230109,3,松北区,650,649
656,230110,3,香坊区,650,649
657,230111,3,呼兰区,650,649
658,230112,3,阿城区,650,649
659,230113,3,双城区,650,649
660,230123,3,依兰县,650,649
661,230124,3,方正县,650,649
662,230125,3,宾县,650,649
663,230126,3,巴彦县,650,649
664,230127,3,木兰县,650,649
665,230128,3,通河县,650,649
666,230129,3,延寿县,650,649
5005,230171,6,哈尔滨高新技术产业开发区,650,649
667,230183,3,尚志市,650,649
668,230184,3,五常市,650,649
669,230200,1,齐齐哈尔市,0,649
670,230202,3,龙沙区,669,649
671,230203,3,建华区,669,649
672,230204,3,铁锋区,669,649
673,230205,3,昂昂溪区,669,649
674,230206,3,富拉尔基区,669,649
675,230207,3,碾子山区,669,649
676,230208,3,梅里斯达斡尔族区,669,649
677,230221,3,龙江县,669,649
678,230223,3,依安县,669,649
679,230224,3,泰来县,669,649
680,230225,3,甘南县,669,649
681,230227,3,富裕县,669,649
682,230229,3,克山县,669,649
683,230230,3,克东县,669,649
684,230231,3,拜泉县,669,649
685,230281,3,讷河市,669,649
686,230300,1,鸡西市,0,649
687,230302,3,鸡冠区,686,649
688,230303,3,恒山区,686,649
689,230304,3,滴道区,686,649
690,230305,3,梨树区,686,649
691,230306,3,城子河区,686,649
692,230307,3,麻山区,686,649
693,230321,3,鸡东县,686,649
694,230381,3,虎林市,686,649
695,230382,3,密山市,686,649
696,230400,1,鹤岗市,0,649
697,230402,3,向阳区,696,649
698,230403,3,工农区,696,649
699,230404,3,南山区,696,649
700,230405,3,兴安区,696,649
701,230406,3,东山区,696,649
702,230407,3,兴山区,696,649
703,230421,3,萝北县,696,649
704,230422,3,绥滨县,696,649
705,230500,1,双鸭山市,0,649
706,230502,3,尖山区,705,649
707,230503,3,岭东区,705,649
708,230505,3,四方台区,705,649
709,230506,3,宝山区,705,649
710,230521,3,集贤县,705,649
711,230522,3,友谊县,705,649
712,230523,3,宝清县,705,649
713,230524,3,饶河县,705,649
714,230600,1,大庆市,0,649
715,230602,3,萨尔图区,714,649
716,230603,3,龙凤区,714,649
717,230604,3,让胡路区,714,649
718,230605,3,红岗区,714,649
719,230606,3,大同区,714,649
720,230621,3,肇州县,714,649
721,230622,3,肇源县,714,649
722,230623,3,林甸县,714,649
723,230624,3,杜尔伯特蒙古族自治县,714,649
724,230700,1,伊春市,0,649
725,230702,3,伊春区,724,649
726,230703,3,南岔区,724,649
727,230704,3,友好区,724,649
728,230705,3,西林区,724,649
729,230706,3,翠峦区,724,649
730,230707,3,新青区,724,649
731,230708,3,美溪区,724,649
732,230709,3,金山屯区,724,649
733,230710,3,五营区,724,649
734,230711,3,乌马河区,724,649
735,230712,3,汤旺河区,724,649
736,230713,3,带岭区,724,649
737,230714,3,乌伊岭区,724,649
738,230715,3,红星区,724,649
739,230716,3,上甘岭区,724,649
740,230722,3,嘉荫县,724,649
741,230781,3,铁力市,724,649
742,230800,1,佳木斯市,0,649
743,230803,3,向阳区,742,649
744,230804,3,前进区,742,649
745,230805,3,东风区,742,649
746,230811,3,郊区,742,649
747,230822,3,桦南县,742,649
748,230826,3,桦川县,742,649
749,230828,3,汤原县,742,649
751,230881,3,同江市,742,649
752,230882,3,富锦市,742,649
750,230883,3,抚远市,742,649
753,230900,1,七台河市,0,649
754,230902,3,新兴区,753,649
755,230903,3,桃山区,753,649
756,230904,3,茄子河区,753,649
757,230921,3,勃利县,753,649
758,231000,1,牡丹江市,0,649
759,231002,3,东安区,758,649
760,231003,3,阳明区,758,649
761,231004,3,爱民区,758,649
762,231005,3,西安区,758,649
763,231025,3,林口县,758,649
764,231081,3,绥芬河市,758,649
765,231083,3,海林市,758,649
766,231084,3,宁安市,758,649
767,231085,3,穆棱市,758,649
768,231086,3,东宁市,758,649
769,231100,1,黑河市,0,649
770,231102,3,爱辉区,769,649
771,231121,3,嫩江市,769,649
772,231123,3,逊克县,769,649
773,231124,3,孙吴县,769,649
774,231181,3,北安市,769,649
775,231182,3,五大连池市,769,649
776,231200,1,绥化市,0,649
777,231202,3,北林区,776,649
778,231221,3,望奎县,776,649
779,231222,3,兰西县,776,649
780,231223,3,青冈县,776,649
781,231224,3,庆安县,776,649
782,231225,3,明水县,776,649
783,231226,3,绥棱县,776,649
784,231281,3,安达市,776,649
785,231282,3,肇东市,776,649
786,231283,3,海伦市,776,649
787,232700,1,大兴安岭地区,0,649
790,232701,3,漠河市,787,649
3221,232718,3,加格达奇区,787,649
788,232721,3,呼玛县,787,649
789,232722,3,塔河县,787,649
791,310000,2,上海市,0,0
792,310101,4,黄浦区,791,0
793,310104,4,徐汇区,791,0
794,310105,4,长宁区,791,0
795,310106,4,静安区,791,0
796,310107,4,普陀区,791,0
797,310109,4,虹口区,791,0
798,310110,4,杨浦区,791,0
799,310112,4,闵行区,791,0
800,310113,4,宝山区,791,0
801,310114,4,嘉定区,791,0
802,310115,4,浦东新区,791,0
803,310116,4,金山区,791,0
804,310117,4,松江区,791,0
805,310118,4,青浦区,791,0
806,310120,4,奉贤区,791,0
807,310151,4,崇明区,791,0
5011,310171,7,上海市张江高科技园区,791,0
808,320000,0,江苏省,0,0
809,320100,1,南京市,0,808
810,320102,3,玄武区,809,808
811,320104,3,秦淮区,809,808
812,320105,3,建邺区,809,808
813,320106,3,鼓楼区,809,808
814,320111,3,浦口区,809,808
815,320113,3,栖霞区,809,808
816,320114,3,雨花台区,809,808
817,320115,3,江宁区,809,808
818,320116,3,六合区,809,808
819,320117,3,溧水区,809,808
820,320118,3,高淳区,809,808
5008,320171,6,南京高新技术产业开发区,809,808
5026,320172,10,江北新区,809,808
821,320200,1,无锡市,0,808
822,320205,3,锡山区,821,808
823,320206,3,惠山区,821,808
824,320211,3,滨湖区,821,808
825,320213,3,梁溪区,821,808
826,320214,3,新吴区,821,808
827,320281,3,江阴市,821,808
828,320282,3,宜兴市,821,808
829,320300,1,徐州市,0,808
830,320302,3,鼓楼区,829,808
831,320303,3,云龙区,829,808
832,320305,3,贾汪区,829,808
833,320311,3,泉山区,829,808
834,320312,3,铜山区,829,808
835,320321,3,丰县,829,808
836,320322,3,沛县,829,808
837,320324,3,睢宁县,829,808
838,320381,3,新沂市,829,808
839,320382,3,邳州市,829,808
840,320400,1,常州市,0,808
841,320402,3,天宁区,840,808
842,320404,3,钟楼区,840,808
843,320411,3,新北区,840,808
844,320412,3,武进区,840,808
845,320413,3,金坛区,840,808
846,320481,3,溧阳市,840,808
847,320500,1,苏州市,0,808
848,320505,3,虎丘区,847,808
849,320506,3,吴中区,847,808
850,320507,3,相城区,847,808
851,320508,3,姑苏区,847,808
852,320509,3,吴江区,847,808
3233,320571,3,苏州工业园区,847,808
5013,320572,6,苏州高新技术产业开发区,847,808
853,320581,3,常熟市,847,808
854,320582,3,张家港市,847,808
855,320583,3,昆山市,847,808
856,320585,3,太仓市,847,808
857,320600,1,南通市,0,808
858,320602,3,崇川区,857,808
859,320611,3,港闸区,857,808
860,320612,3,通州区,857,808
862,320623,3,如东县,857,808
863,320681,3,启东市,857,808
864,320682,3,如皋市,857,808
865,320684,3,海门市,857,808
861,320685,3,海安市,857,808
866,320700,1,连云港市,0,808
867,320703,3,连云区,866,808
868,320706,3,海州区,866,808
869,320707,3,赣榆区,866,808
870,320722,3,东海县,866,808
871,320723,3,灌云县,866,808
872,320724,3,灌南县,866,808
873,320800,1,淮安市,0,808
875,320803,3,淮安区,873,808
876,320804,3,淮阴区,873,808
3222,320812,3,清江浦区,873,808
879,320813,3,洪泽区,873,808
878,320826,3,涟水县,873,808
880,320830,3,盱眙县,873,808
881,320831,3,金湖县,873,808
882,320900,1,盐城市,0,808
883,320902,3,亭湖区,882,808
884,320903,3,盐都区,882,808
885,320904,3,大丰区,882,808
886,320921,3,响水县,882,808
887,320922,3,滨海县,882,808
888,320923,3,阜宁县,882,808
889,320924,3,射阳县,882,808
890,320925,3,建湖县,882,808
891,320981,3,东台市,882,808
892,321000,1,扬州市,0,808
893,321002,3,广陵区,892,808
894,321003,3,邗江区,892,808
895,321012,3,江都区,892,808
896,321023,3,宝应县,892,808
897,321081,3,仪征市,892,808
898,321084,3,高邮市,892,808
899,321100,1,镇江市,0,808
900,321102,3,京口区,899,808
901,321111,3,润州区,899,808
902,321112,3,丹徒区,899,808
903,321181,3,丹阳市,899,808
904,321182,3,扬中市,899,808
905,321183,3,句容市,899,808
906,321200,1,泰州市,0,808
907,321202,3,海陵区,906,808
908,321203,3,高港区,906,808
909,321204,3,姜堰区,906,808
910,321281,3,兴化市,906,808
911,321282,3,靖江市,906,808
912,321283,3,泰兴市,906,808
913,321300,1,宿迁市,0,808
914,321302,3,宿城区,913,808
915,321311,3,宿豫区,913,808
916,321322,3,沭阳县,913,808
917,321323,3,泗阳县,913,808
918,321324,3,泗洪县,913,808
919,330000,0,浙江省,0,0
920,330100,1,杭州市,0,919
921,330102,3,上城区,920,919
922,330103,3,下城区,920,919
923,330104,3,江干区,920,919
924,330105,3,拱墅区,920,919
925,330106,3,西湖区,920,919
926,330108,3,滨江区,920,919
927,330109,3,萧山区,920,919
928,330110,3,余杭区,920,919
929,330111,3,富阳区,920,919
933,330112,3,临安区,920,919
930,330122,3,桐庐县,920,919
931,330127,3,淳安县,920,919
5006,330171,6,杭州高新技术开发区,920,919
932,330182,3,建德市,920,919
934,330200,1,宁波市,0,919
935,330203,3,海曙区,934,919
937,330205,3,江北区,934,919
938,330206,3,北仑区,934,919
939,330211,3,镇海区,934,919
940,330212,3,鄞州区,934,919
945,330213,3,奉化区,934,919
941,330225,3,象山县,934,919
942,330226,3,宁海县,934,919
5009,330271,6,宁波高新技术产业开发区,934,919
943,330281,3,余姚市,934,919
944,330282,3,慈溪市,934,919
946,330300,1,温州市,0,919
947,330302,3,鹿城区,946,919
948,330303,3,龙湾区,946,919
949,330304,3,瓯海区,946,919
950,330305,3,洞头区,946,919
951,330324,3,永嘉县,946,919
952,330326,3,平阳县,946,919
953,330327,3,苍南县,946,919
954,330328,3,文成县,946,919
955,330329,3,泰顺县,946,919
956,330381,3,瑞安市,946,919
957,330382,3,乐清市,946,919
3234,330383,3,龙港市,946,919
958,330400,1,嘉兴市,0,919
959,330402,3,南湖区,958,919
960,330411,3,秀洲区,958,919
961,330421,3,嘉善县,958,919
962,330424,3,海盐县,958,919
963,330481,3,海宁市,958,919
964,330482,3,平湖市,958,919
965,330483,3,桐乡市,958,919
966,330500,1,湖州市,0,919
967,330502,3,吴兴区,966,919
968,330503,3,南浔区,966,919
969,330521,3,德清县,966,919
970,330522,3,长兴县,966,919
971,330523,3,安吉县,966,919
972,330600,1,绍兴市,0,919
973,330602,3,越城区,972,919
974,330603,3,柯桥区,972,919
975,330604,3,上虞区,972,919
976,330624,3,新昌县,972,919
977,330681,3,诸暨市,972,919
978,330683,3,嵊州市,972,919
979,330700,1,金华市,0,919
980,330702,3,婺城区,979,919
981,330703,3,金东区,979,919
982,330723,3,武义县,979,919
983,330726,3,浦江县,979,919
984,330727,3,磐安县,979,919
985,330781,3,兰溪市,979,919
986,330782,3,义乌市,979,919
987,330783,3,东阳市,979,919
988,330784,3,永康市,979,919
989,330800,1,衢州市,0,919
990,330802,3,柯城区,989,919
991,330803,3,衢江区,989,919
992,330822,3,常山县,989,919
993,330824,3,开化县,989,919
994,330825,3,龙游县,989,919
995,330881,3,江山市,989,919
996,330900,1,舟山市,0,919
997,330902,3,定海区,996,919
998,330903,3,普陀区,996,919
999,330921,3,岱山县,996,919
1000,330922,3,嵊泗县,996,919
1001,331000,1,台州市,0,919
1002,331002,3,椒江区,1001,919
1003,331003,3,黄岩区,1001,919
1004,331004,3,路桥区,1001,919
1006,331022,3,三门县,1001,919
1007,331023,3,天台县,1001,919
1008,331024,3,仙居县,1001,919
1009,331081,3,温岭市,1001,919
1010,331082,3,临海市,1001,919
1005,331083,3,玉环市,1001,919
1011,331100,1,丽水市,0,919
1012,331102,3,莲都区,1011,919
1013,331121,3,青田县,1011,919
1014,331122,3,缙云县,1011,919
1015,331123,3,遂昌县,1011,919
1016,331124,3,松阳县,1011,919
1017,331125,3,云和县,1011,919
1018,331126,3,庆元县,1011,919
1019,331127,3,景宁畲族自治县,1011,919
1020,331181,3,龙泉市,1011,919
1021,340000,0,安徽省,0,0
1022,340100,1,合肥市,0,1021
1023,340102,3,瑶海区,1022,1021
1024,340103,3,庐阳区,1022,1021
1025,340104,3,蜀山区,1022,1021
1026,340111,3,包河区,1022,1021
1027,340121,3,长丰县,1022,1021
1028,340122,3,肥东县,1022,1021
1029,340123,3,肥西县,1022,1021
1030,340124,3,庐江县,1022,1021
1031,340181,3,巢湖市,1022,1021
1032,340200,1,芜湖市,0,1021
1033,340202,3,镜湖区,1032,1021
1034,340203,3,弋江区,1032,1021
1035,340207,3,鸠江区,1032,1021
1036,340208,3,三山区,1032,1021
1037,340221,3,芜湖县,1032,1021
1038,340222,3,繁昌县,1032,1021
1039,340223,3,南陵县,1032,1021
1040,340225,3,无为县,1032,1021
1041,340300,1,蚌埠市,0,1021
1042,340302,3,龙子湖区,1041,1021
1043,340303,3,蚌山区,1041,1021
1044,340304,3,禹会区,1041,1021
1045,340311,3,淮上区,1041,1021
1046,340321,3,怀远县,1041,1021
1047,340322,3,五河县,1041,1021
1048,340323,3,固镇县,1041,1021
1049,340400,1,淮南市,0,1021
1050,340402,3,大通区,1049,1021
1051,340403,3,田家庵区,1049,1021
1052,340404,3,谢家集区,1049,1021
1053,340405,3,八公山区,1049,1021
1054,340406,3,潘集区,1049,1021
1055,340421,3,凤台县,1049,1021
1056,340422,3,寿县,1049,1021
1057,340500,1,马鞍山市,0,1021
1058,340503,3,花山区,1057,1021
1059,340504,3,雨山区,1057,1021
1060,340506,3,博望区,1057,1021
1061,340521,3,当涂县,1057,1021
1062,340522,3,含山县,1057,1021
1063,340523,3,和县,1057,1021
1064,340600,1,淮北市,0,1021
1065,340602,3,杜集区,1064,1021
1066,340603,3,相山区,1064,1021
1067,340604,3,烈山区,1064,1021
1068,340621,3,濉溪县,1064,1021
1069,340700,1,铜陵市,0,1021
1070,340705,3,铜官区,1069,1021
1071,340706,3,义安区,1069,1021
1072,340711,3,郊区,1069,1021
1073,340722,3,枞阳县,1069,1021
1074,340800,1,安庆市,0,1021
1075,340802,3,迎江区,1074,1021
1076,340803,3,大观区,1074,1021
1077,340811,3,宜秀区,1074,1021
1078,340822,3,怀宁县,1074,1021
1080,340825,3,太湖县,1074,1021
1081,340826,3,宿松县,1074,1021
1082,340827,3,望江县,1074,1021
1083,340828,3,岳西县,1074,1021
1084,340881,3,桐城市,1074,1021
1079,340882,3,潜山市,1074,1021
1085,341000,1,黄山市,0,1021
1086,341002,3,屯溪区,1085,1021
1087,341003,3,黄山区,1085,1021
1088,341004,3,徽州区,1085,1021
1089,341021,3,歙县,1085,1021
1090,341022,3,休宁县,1085,1021
1091,341023,3,黟县,1085,1021
1092,341024,3,祁门县,1085,1021
1093,341100,1,滁州市,0,1021
1094,341102,3,琅琊区,1093,1021
1095,341103,3,南谯区,1093,1021
1096,341122,3,来安县,1093,1021
1097,341124,3,全椒县,1093,1021
1098,341125,3,定远县,1093,1021
1099,341126,3,凤阳县,1093,1021
1100,341181,3,天长市,1093,1021
1101,341182,3,明光市,1093,1021
1102,341200,1,阜阳市,0,1021
1103,341202,3,颍州区,1102,1021
1104,341203,3,颍东区,1102,1021
1105,341204,3,颍泉区,1102,1021
1106,341221,3,临泉县,1102,1021
1107,341222,3,太和县,1102,1021
1108,341225,3,阜南县,1102,1021
1109,341226,3,颍上县,1102,1021
1110,341282,3,界首市,1102,1021
1111,341300,1,宿州市,0,1021
1112,341302,3,桥区,1111,1021
1113,341321,3,砀山县,1111,1021
1114,341322,3,萧县,1111,1021
1115,341323,3,灵璧县,1111,1021
1116,341324,3,泗县,1111,1021
1117,341500,1,六安市,0,1021
1118,341502,3,金安区,1117,1021
1119,341503,3,裕安区,1117,1021
1120,341504,3,叶集区,1117,1021
1121,341522,3,霍邱县,1117,1021
1122,341523,3,舒城县,1117,1021
1123,341524,3,金寨县,1117,1021
1124,341525,3,霍山县,1117,1021
1125,341600,1,亳州市,0,1021
1126,341602,3,谯城区,1125,1021
1127,341621,3,涡阳县,1125,1021
1128,341622,3,蒙城县,1125,1021
1129,341623,3,利辛县,1125,1021
1130,341700,1,池州市,0,1021
1131,341702,3,贵池区,1130,1021
1132,341721,3,东至县,1130,1021
1133,341722,3,石台县,1130,1021
1134,341723,3,青阳县,1130,1021
1135,341800,1,宣城市,0,1021
1136,341802,3,宣州区,1135,1021
1137,341821,3,郎溪县,1135,1021
1138,341822,3,广德市,1135,1021
1139,341823,3,泾县,1135,1021
1140,341824,3,绩溪县,1135,1021
1141,341825,3,旌德县,1135,1021
1142,341881,3,宁国市,1135,1021
1143,350000,0,福建省,0,0
1144,350100,1,福州市,0,1143
1145,350102,3,鼓楼区,1144,1143
1146,350103,3,台江区,1144,1143
1147,350104,3,仓山区,1144,1143
1148,350105,3,马尾区,1144,1143
1149,350111,3,晋安区,1144,1143
1157,350112,3,长乐区,1144,1143
1150,350121,3,闽侯县,1144,1143
1151,350122,3,连江县,1144,1143
1152,350123,3,罗源县,1144,1143
1153,350124,3,闽清县,1144,1143
1154,350125,3,永泰县,1144,1143
1155,350128,3,平潭县,1144,1143
1156,350181,3,福清市,1144,1143
1158,350200,1,厦门市,0,1143
1159,350203,3,思明区,1158,1143
1160,350205,3,海沧区,1158,1143
1161,350206,3,湖里区,1158,1143
1162,350211,3,集美区,1158,1143
1163,350212,3,同安区,1158,1143
1164,350213,3,翔安区,1158,1143
1165,350300,1,莆田市,0,1143
1166,350302,3,城厢区,1165,1143
1167,350303,3,涵江区,1165,1143
1168,350304,3,荔城区,1165,1143
1169,350305,3,秀屿区,1165,1143
1170,350322,3,仙游县,1165,1143
1171,350400,1,三明市,0,1143
1172,350402,3,梅列区,1171,1143
1173,350403,3,三元区,1171,1143
1174,350421,3,明溪县,1171,1143
1175,350423,3,清流县,1171,1143
1176,350424,3,宁化县,1171,1143
1177,350425,3,大田县,1171,1143
1178,350426,3,尤溪县,1171,1143
1179,350427,3,沙县,1171,1143
1180,350428,3,将乐县,1171,1143
1181,350429,3,泰宁县,1171,1143
1182,350430,3,建宁县,1171,1143
1183,350481,3,永安市,1171,1143
1184,350500,1,泉州市,0,1143
1185,350502,3,鲤城区,1184,1143
1186,350503,3,丰泽区,1184,1143
1187,350504,3,洛江区,1184,1143
1188,350505,3,泉港区,1184,1143
1189,350521,3,惠安县,1184,1143
1190,350524,3,安溪县,1184,1143
1191,350525,3,永春县,1184,1143
1192,350526,3,德化县,1184,1143
1193,350527,3,金门县,1184,1143
1194,350581,3,石狮市,1184,1143
1195,350582,3,晋江市,1184,1143
1196,350583,3,南安市,1184,1143
1197,350600,1,漳州市,0,1143
1198,350602,3,芗城区,1197,1143
1199,350603,3,龙文区,1197,1143
1200,350622,3,云霄县,1197,1143
1201,350623,3,漳浦县,1197,1143
1202,350624,3,诏安县,1197,1143
1203,350625,3,长泰县,1197,1143
1204,350626,3,东山县,1197,1143
1205,350627,3,南靖县,1197,1143
1206,350628,3,平和县,1197,1143
1207,350629,3,华安县,1197,1143
5022,350671,6,漳州高新技术产业开发区,1197,1143
1208,350681,3,龙海市,1197,1143
1209,350700,1,南平市,0,1143
1210,350702,3,延平区,1209,1143
1211,350703,3,建阳区,1209,1143
1212,350721,3,顺昌县,1209,1143
1213,350722,3,浦城县,1209,1143
1214,350723,3,光泽县,1209,1143
1215,350724,3,松溪县,1209,1143
1216,350725,3,政和县,1209,1143
1217,350781,3,邵武市,1209,1143
1218,350782,3,武夷山市,1209,1143
1219,350783,3,建瓯市,1209,1143
1220,350800,1,龙岩市,0,1143
1221,350802,3,新罗区,1220,1143
1222,350803,3,永定区,1220,1143
1223,350821,3,长汀县,1220,1143
1224,350823,3,上杭县,1220,1143
1225,350824,3,武平县,1220,1143
1226,350825,3,连城县,1220,1143
1227,350881,3,漳平市,1220,1143
1228,350900,1,宁德市,0,1143
1229,350902,3,蕉城区,1228,1143
1230,350921,3,霞浦县,1228,1143
1231,350922,3,古田县,1228,1143
1232,350923,3,屏南县,1228,1143
1233,350924,3,寿宁县,1228,1143
1234,350925,3,周宁县,1228,1143
1235,350926,3,柘荣县,1228,1143
1236,350981,3,福安市,1228,1143
1237,350982,3,福鼎市,1228,1143
1238,360000,0,江西省,0,0
1239,360100,1,南昌市,0,1238
1240,360102,3,东湖区,1239,1238
1241,360103,3,西湖区,1239,1238
1242,360104,3,青云谱区,1239,1238
1243,360105,3,湾里区,1239,1238
1244,360111,3,青山湖区,1239,1238
1245,360112,3,新建区,1239,1238
1246,360121,3,南昌县,1239,1238
1247,360123,3,安义县,1239,1238
1248,360124,3,进贤县,1239,1238
1249,360200,1,景德镇市,0,1238
1250,360202,3,昌江区,1249,1238
1251,360203,3,珠山区,1249,1238
1252,360222,3,浮梁县,1249,1238
1253,360281,3,乐平市,1249,1238
1254,360300,1,萍乡市,0,1238
1255,360302,3,安源区,1254,1238
1256,360313,3,湘东区,1254,1238
1257,360321,3,莲花县,1254,1238
1258,360322,3,上栗县,1254,1238
1259,360323,3,芦溪县,1254,1238
1260,360400,1,九江市,0,1238
1261,360402,3,濂溪区,1260,1238
1262,360403,3,浔阳区,1260,1238
1263,360404,3,柴桑区,1260,1238
1264,360423,3,武宁县,1260,1238
1265,360424,3,修水县,1260,1238
1266,360425,3,永修县,1260,1238
1267,360426,3,德安县,1260,1238
1269,360428,3,都昌县,1260,1238
1270,360429,3,湖口县,1260,1238
1271,360430,3,彭泽县,1260,1238
1272,360481,3,瑞昌市,1260,1238
1273,360482,3,共青城市,1260,1238
3223,360483,3,庐山市,1260,1238
1274,360500,1,新余市,0,1238
1275,360502,3,渝水区,1274,1238
1276,360521,3,分宜县,1274,1238
1277,360600,1,鹰潭市,0,1238
1278,360602,3,月湖区,1277,1238
1279,360603,3,余江区,1277,1238
1280,360681,3,贵溪市,1277,1238
1281,360700,1,赣州市,0,1238
1282,360702,3,章贡区,1281,1238
1283,360703,3,南康区,1281,1238
1284,360704,3,赣县区,1281,1238
1285,360722,3,信丰县,1281,1238
1286,360723,3,大余县,1281,1238
1287,360724,3,上犹县,1281,1238
1288,360725,3,崇义县,1281,1238
1289,360726,3,安远县,1281,1238
1290,360727,3,龙南县,1281,1238
1291,360728,3,定南县,1281,1238
1292,360729,3,全南县,1281,1238
1293,360730,3,宁都县,1281,1238
1294,360731,3,于都县,1281,1238
1295,360732,3,兴国县,1281,1238
1296,360733,3,会昌县,1281,1238
1297,360734,3,寻乌县,1281,1238
1298,360735,3,石城县,1281,1238
1299,360781,3,瑞金市,1281,1238
1300,360800,1,吉安市,0,1238
1301,360802,3,吉州区,1300,1238
1302,360803,3,青原区,1300,1238
1303,360821,3,吉安县,1300,1238
1304,360822,3,吉水县,1300,1238
1305,360823,3,峡江县,1300,1238
1306,360824,3,新干县,1300,1238
1307,360825,3,永丰县,1300,1238
1308,360826,3,泰和县,1300,1238
1309,360827,3,遂川县,1300,1238
1310,360828,3,万安县,1300,1238
1311,360829,3,安福县,1300,1238
1312,360830,3,永新县,1300,1238
1313,360881,3,井冈山市,1300,1238
1314,360900,1,宜春市,0,1238
1315,360902,3,袁州区,1314,1238
1316,360921,3,奉新县,1314,1238
1317,360922,3,万载县,1314,1238
1318,360923,3,上高县,1314,1238
1319,360924,3,宜丰县,1314,1238
1320,360925,3,靖安县,1314,1238
1321,360926,3,铜鼓县,1314,1238
1322,360981,3,丰城市,1314,1238
1323,360982,3,樟树市,1314,1238
1324,360983,3,高安市,1314,1238
1325,361000,1,抚州市,0,1238
1326,361002,3,临川区,1325,1238
1335,361003,3,东乡区,1325,1238
1327,361021,3,南城县,1325,1238
1328,361022,3,黎川县,1325,1238
1329,361023,3,南丰县,1325,1238
1330,361024,3,崇仁县,1325,1238
1331,361025,3,乐安县,1325,1238
1332,361026,3,宜黄县,1325,1238
1333,361027,3,金溪县,1325,1238
1334,361028,3,资溪县,1325,1238
1336,361030,3,广昌县,1325,1238
1337,361100,1,上饶市,0,1238
1338,361102,3,信州区,1337,1238
1339,361103,3,广丰区,1337,1238
1340,361121,3,广信区,1337,1238
1341,361123,3,玉山县,1337,1238
1342,361124,3,铅山县,1337,1238
1343,361125,3,横峰县,1337,1238
1344,361126,3,弋阳县,1337,1238
1345,361127,3,余干县,1337,1238
1346,361128,3,鄱阳县,1337,1238
1347,361129,3,万年县,1337,1238
1348,361130,3,婺源县,1337,1238
1349,361181,3,德兴市,1337,1238
1350,370000,0,山东省,0,0
1351,370100,1,济南市,0,1350
1352,370102,3,历下区,1351,1350
1353,370103,3,市中区,1351,1350
1354,370104,3,槐荫区,1351,1350
1355,370105,3,天桥区,1351,1350
1356,370112,3,历城区,1351,1350
1357,370113,3,长清区,1351,1350
1361,370114,3,章丘区,1351,1350
1359,370115,3,济阳区,1351,1350
1451,370116,3,莱芜区,1351,1350
1452,370117,3,钢城区,1351,1350
1358,370124,3,平阴县,1351,1350
1360,370126,3,商河县,1351,1350
1362,370200,1,青岛市,0,1350
1363,370202,3,市南区,1362,1350
1364,370203,3,市北区,1362,1350
1365,370211,3,黄岛区,1362,1350
1366,370212,3,崂山区,1362,1350
1367,370213,3,李沧区,1362,1350
1368,370214,3,城阳区,1362,1350
1370,370215,3,即墨区,1362,1350
5010,370271,6,青岛高新技术产业开发区,1362,1350
1369,370281,3,胶州市,1362,1350
1371,370283,3,平度市,1362,1350
1372,370285,3,莱西市,1362,1350
1373,370300,1,淄博市,0,1350
1374,370302,3,淄川区,1373,1350
1375,370303,3,张店区,1373,1350
1376,370304,3,博山区,1373,1350
1377,370305,3,临淄区,1373,1350
1378,370306,3,周村区,1373,1350
1379,370321,3,桓台县,1373,1350
1380,370322,3,高青县,1373,1350
1381,370323,3,沂源县,1373,1350
1382,370400,1,枣庄市,0,1350
1383,370402,3,市中区,1382,1350
1384,370403,3,薛城区,1382,1350
1385,370404,3,峄城区,1382,1350
1386,370405,3,台儿庄区,1382,1350
1387,370406,3,山亭区,1382,1350
1388,370481,3,滕州市,1382,1350
1389,370500,1,东营市,0,1350
1390,370502,3,东营区,1389,1350
1391,370503,3,河口区,1389,1350
1392,370505,3,垦利区,1389,1350
1393,370522,3,利津县,1389,1350
1394,370523,3,广饶县,1389,1350
1395,370600,1,烟台市,0,1350
1396,370602,3,芝罘区,1395,1350
1397,370611,3,福山区,1395,1350
1398,370612,3,牟平区,1395,1350
1399,370613,3,莱山区,1395,1350
1400,370634,3,长岛县,1395,1350
1401,370681,3,龙口市,1395,1350
1402,370682,3,莱阳市,1395,1350
1403,370683,3,莱州市,1395,1350
1404,370684,3,蓬莱市,1395,1350
1405,370685,3,招远市,1395,1350
1406,370686,3,栖霞市,1395,1350
1407,370687,3,海阳市,1395,1350
1408,370700,1,潍坊市,0,1350
1409,370702,3,潍城区,1408,1350
1410,370703,3,寒亭区,1408,1350
1411,370704,3,坊子区,1408,1350
1412,370705,3,奎文区,1408,1350
1413,370724,3,临朐县,1408,1350
1414,370725,3,昌乐县,1408,1350
1415,370781,3,青州市,1408,1350
1416,370782,3,诸城市,1408,1350
1417,370783,3,寿光市,1408,1350
1418,370784,3,安丘市,1408,1350
1419,370785,3,高密市,1408,1350
1420,370786,3,昌邑市,1408,1350
1421,370800,1,济宁市,0,1350
1422,370811,3,任城区,1421,1350
1423,370812,3,兖州区,1421,1350
1424,370826,3,微山县,1421,1350
1425,370827,3,鱼台县,1421,1350
1426,370828,3,金乡县,1421,1350
1427,370829,3,嘉祥县,1421,1350
1428,370830,3,汶上县,1421,1350
1429,370831,3,泗水县,1421,1350
1430,370832,3,梁山县,1421,1350
1431,370881,3,曲阜市,1421,1350
1432,370883,3,邹城市,1421,1350
1433,370900,1,泰安市,0,1350
1434,370902,3,泰山区,1433,1350
1435,370911,3,岱岳区,1433,1350
1436,370921,3,宁阳县,1433,1350
1437,370923,3,东平县,1433,1350
1438,370982,3,新泰市,1433,1350
1439,370983,3,肥城市,1433,1350
1440,371000,1,威海市,0,1350
1441,371002,3,环翠区,1440,1350
1442,371003,3,文登区,1440,1350
1443,371082,3,荣成市,1440,1350
1444,371083,3,乳山市,1440,1350
1445,371100,1,日照市,0,1350
1446,371102,3,东港区,1445,1350
1447,371103,3,岚山区,1445,1350
1448,371121,3,五莲县,1445,1350
1449,371122,3,莒县,1445,1350
1453,371300,1,临沂市,0,1350
1454,371302,3,兰山区,1453,1350
1455,371311,3,罗庄区,1453,1350
1456,371312,3,河东区,1453,1350
1457,371321,3,沂南县,1453,1350
1458,371322,3,郯城县,1453,1350
1459,371323,3,沂水县,1453,1350
1460,371324,3,兰陵县,1453,1350
1461,371325,3,费县,1453,1350
1462,371326,3,平邑县,1453,1350
1463,371327,3,莒南县,1453,1350
1464,371328,3,蒙阴县,1453,1350
1465,371329,3,临沭县,1453,1350
1466,371400,1,德州市,0,1350
1467,371402,3,德城区,1466,1350
1468,371403,3,陵城区,1466,1350
1469,371422,3,宁津县,1466,1350
1470,371423,3,庆云县,1466,1350
1471,371424,3,临邑县,1466,1350
1472,371425,3,齐河县,1466,1350
1473,371426,3,平原县,1466,1350
1474,371427,3,夏津县,1466,1350
1475,371428,3,武城县,1466,1350
1476,371481,3,乐陵市,1466,1350
1477,371482,3,禹城市,1466,1350
1478,371500,1,聊城市,0,1350
1479,371502,3,东昌府区,1478,1350
1480,371521,3,阳谷县,1478,1350
1481,371522,3,莘县,1478,1350
1482,371523,3,茌平区,1478,1350
1483,371524,3,东阿县,1478,1350
1484,371525,3,冠县,1478,1350
1485,371526,3,高唐县,1478,1350
1486,371581,3,临清市,1478,1350
1487,371600,1,滨州市,0,1350
1488,371602,3,滨城区,1487,1350
1489,371603,3,沾化区,1487,1350
1490,371621,3,惠民县,1487,1350
1491,371622,3,阳信县,1487,1350
1492,371623,3,无棣县,1487,1350
1493,371625,3,博兴县,1487,1350
1494,371681,3,邹平市,1487,1350
1495,371700,1,菏泽市,0,1350
1496,371702,3,牡丹区,1495,1350
1503,371703,3,定陶区,1495,1350
1497,371721,3,曹县,1495,1350
1498,371722,3,单县,1495,1350
1499,371723,3,成武县,1495,1350
1500,371724,3,巨野县,1495,1350
1501,371725,3,郓城县,1495,1350
1502,371726,3,鄄城县,1495,1350
1504,371728,3,东明县,1495,1350
1505,410000,0,河南省,0,0
1506,410100,1,郑州市,0,1505
1507,410102,3,中原区,1506,1505
1508,410103,3,二七区,1506,1505
1509,410104,3,管城回族区,1506,1505
1510,410105,3,金水区,1506,1505
1511,410106,3,上街区,1506,1505
1512,410108,3,惠济区,1506,1505
1513,410122,3,中牟县,1506,1505
5018,410171,6,郑州高新技术产业开发区,1506,1505
1514,410181,3,巩义市,1506,1505
1515,410182,3,荥阳市,1506,1505
1516,410183,3,新密市,1506,1505
1517,410184,3,新郑市,1506,1505
1518,410185,3,登封市,1506,1505
1519,410200,1,开封市,0,1505
1520,410202,3,龙亭区,1519,1505
1521,410203,3,顺河回族区,1519,1505
1522,410204,3,鼓楼区,1519,1505
1523,410205,3,禹王台区,1519,1505
1524,410212,3,祥符区,1519,1505
1525,410221,3,杞县,1519,1505
1526,410222,3,通许县,1519,1505
1527,410223,3,尉氏县,1519,1505
1528,410225,3,兰考县,1519,1505
1529,410300,1,洛阳市,0,1505
1530,410302,3,老城区,1529,1505
1531,410303,3,西工区,1529,1505
1532,410304,3,e河回族区,1529,1505
1533,410305,3,涧西区,1529,1505
1534,410306,3,吉利区,1529,1505
1535,410311,3,洛龙区,1529,1505
1536,410322,3,孟津县,1529,1505
1537,410323,3,新安县,1529,1505
1538,410324,3,栾川县,1529,1505
1539,410325,3,嵩县,1529,1505
1540,410326,3,汝阳县,1529,1505
1541,410327,3,宜阳县,1529,1505
1542,410328,3,洛宁县,1529,1505
1543,410329,3,伊川县,1529,1505
1544,410381,3,偃师市,1529,1505
1545,410400,1,平顶山市,0,1505
1546,410402,3,新华区,1545,1505
1547,410403,3,卫东区,1545,1505
1548,410404,3,石龙区,1545,1505
1549,410411,3,湛河区,1545,1505
1550,410421,3,宝丰县,1545,1505
1551,410422,3,叶县,1545,1505
1552,410423,3,鲁山县,1545,1505
1553,410425,3,郏县,1545,1505
1554,410481,3,舞钢市,1545,1505
1555,410482,3,汝州市,1545,1505
1556,410500,1,安阳市,0,1505
1557,410502,3,文峰区,1556,1505
1558,410503,3,北关区,1556,1505
1559,410505,3,殷都区,1556,1505
1560,410506,3,龙安区,1556,1505
1561,410522,3,安阳县,1556,1505
1562,410523,3,汤阴县,1556,1505
1563,410526,3,滑县,1556,1505
1564,410527,3,内黄县,1556,1505
1565,410581,3,林州市,1556,1505
1566,410600,1,鹤壁市,0,1505
1567,410602,3,鹤山区,1566,1505
1568,410603,3,山城区,1566,1505
1569,410611,3,淇滨区,1566,1505
1570,410621,3,浚县,1566,1505
1571,410622,3,淇县,1566,1505
1572,410700,1,新乡市,0,1505
1573,410702,3,红旗区,1572,1505
1574,410703,3,卫滨区,1572,1505
1575,410704,3,凤泉区,1572,1505
1576,410711,3,牧野区,1572,1505
1577,410721,3,新乡县,1572,1505
1578,410724,3,获嘉县,1572,1505
1579,410725,3,原阳县,1572,1505
1580,410726,3,延津县,1572,1505
1581,410727,3,封丘县,1572,1505
1582,410728,3,长垣市,1572,1505
1583,410781,3,卫辉市,1572,1505
1584,410782,3,辉县市,1572,1505
1585,410800,1,焦作市,0,1505
1586,410802,3,解放区,1585,1505
1587,410803,3,中站区,1585,1505
1588,410804,3,马村区,1585,1505
1589,410811,3,山阳区,1585,1505
1590,410821,3,修武县,1585,1505
1591,410822,3,博爱县,1585,1505
1592,410823,3,武陟县,1585,1505
1593,410825,3,温县,1585,1505
1594,410882,3,沁阳市,1585,1505
1595,410883,3,孟州市,1585,1505
1596,410900,1,濮阳市,0,1505
1597,410902,3,华龙区,1596,1505
1598,410922,3,清丰县,1596,1505
1599,410923,3,南乐县,1596,1505
1600,410926,3,范县,1596,1505
1601,410927,3,台前县,1596,1505
1602,410928,3,濮阳县,1596,1505
1603,411000,1,许昌市,0,1505
1604,411002,3,魏都区,1603,1505
1605,411003,3,建安区,1603,1505
1606,411024,3,鄢陵县,1603,1505
1607,411025,3,襄城县,1603,1505
1608,411081,3,禹州市,1603,1505
1609,411082,3,长葛市,1603,1505
1610,411100,1,漯河市,0,1505
1611,411102,3,源汇区,1610,1505
1612,411103,3,郾城区,1610,1505
1613,411104,3,召陵区,1610,1505
1614,411121,3,舞阳县,1610,1505
1615,411122,3,临颍县,1610,1505
1616,411200,1,三门峡市,0,1505
1617,411202,3,湖滨区,1616,1505
1618,411203,3,陕州区,1616,1505
1619,411221,3,渑池县,1616,1505
1620,411224,3,卢氏县,1616,1505
1621,411281,3,义马市,1616,1505
1622,411282,3,灵宝市,1616,1505
1623,411300,1,南阳市,0,1505
1624,411302,3,宛城区,1623,1505
1625,411303,3,卧龙区,1623,1505
1626,411321,3,南召县,1623,1505
1627,411322,3,方城县,1623,1505
1628,411323,3,西峡县,1623,1505
1629,411324,3,镇平县,1623,1505
1630,411325,3,内乡县,1623,1505
1631,411326,3,淅川县,1623,1505
1632,411327,3,社旗县,1623,1505
1633,411328,3,唐河县,1623,1505
1634,411329,3,新野县,1623,1505
1635,411330,3,桐柏县,1623,1505
1636,411381,3,邓州市,1623,1505
1637,411400,1,商丘市,0,1505
1638,411402,3,梁园区,1637,1505
1639,411403,3,睢阳区,1637,1505
1640,411421,3,民权县,1637,1505
1641,411422,3,睢县,1637,1505
1642,411423,3,宁陵县,1637,1505
1643,411424,3,柘城县,1637,1505
1644,411425,3,虞城县,1637,1505
1645,411426,3,夏邑县,1637,1505
1646,411481,3,永城市,1637,1505
1647,411500,1,信阳市,0,1505
1648,411502,3,负忧,1647,1505
1649,411503,3,平桥区,1647,1505
1650,411521,3,罗山县,1647,1505
1651,411522,3,光山县,1647,1505
1652,411523,3,新县,1647,1505
1653,411524,3,商城县,1647,1505
1654,411525,3,固始县,1647,1505
1655,411526,3,潢川县,1647,1505
1656,411527,3,淮滨县,1647,1505
1657,411528,3,息县,1647,1505
1658,411600,1,周口市,0,1505
1659,411602,3,川汇区,1658,1505
1660,411621,3,扶沟县,1658,1505
1661,411622,3,西华县,1658,1505
1662,411623,3,商水县,1658,1505
1663,411624,3,沈丘县,1658,1505
1664,411625,3,郸城县,1658,1505
1665,411626,3,淮阳区,1658,1505
1666,411627,3,太康县,1658,1505
1667,411628,3,鹿邑县,1658,1505
1668,411681,3,项城市,1658,1505
1669,411700,1,驻马店市,0,1505
1670,411702,3,驿城区,1669,1505
1671,411721,3,西平县,1669,1505
1672,411722,3,上蔡县,1669,1505
1673,411723,3,平舆县,1669,1505
1674,411724,3,正阳县,1669,1505
1675,411725,3,确山县,1669,1505
1676,411726,3,泌阳县,1669,1505
1677,411727,3,汝南县,1669,1505
1678,411728,3,遂平县,1669,1505
1679,411729,3,新蔡县,1669,1505
1680,419001,5,济源市,0,1505
1681,420000,0,湖北省,0,0
1682,420100,1,武汉市,0,1681
1683,420102,3,江岸区,1682,1681
1684,420103,3,江汉区,1682,1681
1685,420104,3,~口区,1682,1681
1686,420105,3,汉阳区,1682,1681
1687,420106,3,武昌区,1682,1681
1688,420107,3,青山区,1682,1681
1689,420111,3,洪山区,1682,1681
1690,420112,3,东西湖区,1682,1681
1691,420113,3,汉南区,1682,1681
1692,420114,3,蔡甸区,1682,1681
1693,420115,3,江夏区,1682,1681
1694,420116,3,黄陂区,1682,1681
1695,420117,3,新洲区,1682,1681
5014,420171,6,武汉东湖新技术产业开发区,1682,1681
1696,420200,1,黄石市,0,1681
1697,420202,3,黄石港区,1696,1681
1698,420203,3,西塞山区,1696,1681
1699,420204,3,下陆区,1696,1681
1700,420205,3,铁山区,1696,1681
1701,420222,3,阳新县,1696,1681
1702,420281,3,大冶市,1696,1681
1703,420300,1,十堰市,0,1681
1704,420302,3,茅箭区,1703,1681
1705,420303,3,张湾区,1703,1681
1706,420304,3,郧阳区,1703,1681
1707,420322,3,郧西县,1703,1681
1708,420323,3,竹山县,1703,1681
1709,420324,3,竹溪县,1703,1681
1710,420325,3,房县,1703,1681
1711,420381,3,丹江口市,1703,1681
1712,420500,1,宜昌市,0,1681
1713,420502,3,西陵区,1712,1681
1714,420503,3,伍家岗区,1712,1681
1715,420504,3,点军区,1712,1681
1716,420505,3,V亭区,1712,1681
1717,420506,3,夷陵区,1712,1681
1718,420525,3,远安县,1712,1681
1719,420526,3,兴山县,1712,1681
1720,420527,3,秭归县,1712,1681
1721,420528,3,长阳土家族自治县,1712,1681
1722,420529,3,五峰土家族自治县,1712,1681
1723,420581,3,宜都市,1712,1681
1724,420582,3,当阳市,1712,1681
1725,420583,3,枝江市,1712,1681
1726,420600,1,襄阳市,0,1681
1727,420602,3,襄城区,1726,1681
1728,420606,3,樊城区,1726,1681
1729,420607,3,襄州区,1726,1681
1730,420624,3,南漳县,1726,1681
1731,420625,3,谷城县,1726,1681
1732,420626,3,保康县,1726,1681
1733,420682,3,老河口市,1726,1681
1734,420683,3,枣阳市,1726,1681
1735,420684,3,宜城市,1726,1681
1736,420700,1,鄂州市,0,1681
1737,420702,3,梁子湖区,1736,1681
1738,420703,3,华容区,1736,1681
1739,420704,3,鄂城区,1736,1681
1740,420800,1,荆门市,0,1681
1741,420802,3,东宝区,1740,1681
1742,420804,3,掇刀区,1740,1681
1744,420822,3,沙洋县,1740,1681
1745,420881,3,钟祥市,1740,1681
1743,420882,3,京山市,1740,1681
1746,420900,1,孝感市,0,1681
1747,420902,3,孝南区,1746,1681
1748,420921,3,孝昌县,1746,1681
1749,420922,3,大悟县,1746,1681
1750,420923,3,云梦县,1746,1681
1751,420981,3,应城市,1746,1681
1752,420982,3,安陆市,1746,1681
1753,420984,3,汉川市,1746,1681
1754,421000,1,荆州市,0,1681
1755,421002,3,沙市区,1754,1681
1756,421003,3,荆州区,1754,1681
1757,421022,3,公安县,1754,1681
1758,421023,3,监利县,1754,1681
1759,421024,3,江陵县,1754,1681
1760,421081,3,石首市,1754,1681
1761,421083,3,洪湖市,1754,1681
1762,421087,3,松滋市,1754,1681
1763,421100,1,黄冈市,0,1681
1764,421102,3,黄州区,1763,1681
1765,421121,3,团风县,1763,1681
1766,421122,3,红安县,1763,1681
1767,421123,3,罗田县,1763,1681
1768,421124,3,英山县,1763,1681
1769,421125,3,浠水县,1763,1681
1770,421126,3,蕲春县,1763,1681
1771,421127,3,黄梅县,1763,1681
1772,421181,3,麻城市,1763,1681
1773,421182,3,武穴市,1763,1681
1774,421200,1,咸宁市,0,1681
1775,421202,3,咸安区,1774,1681
1776,421221,3,嘉鱼县,1774,1681
1777,421222,3,通城县,1774,1681
1778,421223,3,崇阳县,1774,1681
1779,421224,3,通山县,1774,1681
1780,421281,3,赤壁市,1774,1681
1781,421300,1,随州市,0,1681
1782,421303,3,曾都区,1781,1681
1783,421321,3,随县,1781,1681
1784,421381,3,广水市,1781,1681
1785,422800,1,恩施土家族苗族自治州,0,1681
1786,422801,3,恩施市,1785,1681
1787,422802,3,利川市,1785,1681
1788,422822,3,建始县,1785,1681
1789,422823,3,巴东县,1785,1681
1790,422825,3,宣恩县,1785,1681
1791,422826,3,咸丰县,1785,1681
1792,422827,3,来凤县,1785,1681
1793,422828,3,鹤峰县,1785,1681
1794,429004,5,仙桃市,0,1681
1795,429005,5,潜江市,0,1681
1796,429006,5,天门市,0,1681
1797,429021,5,神农架林区,0,1681
1798,430000,0,湖南省,0,0
1799,430100,1,长沙市,0,1798
1800,430102,3,芙蓉区,1799,1798
1801,430103,3,天心区,1799,1798
1802,430104,3,岳麓区,1799,1798
1803,430105,3,开福区,1799,1798
1804,430111,3,雨花区,1799,1798
1805,430112,3,望城区,1799,1798
1806,430121,3,长沙县,1799,1798
5017,430171,6,长沙高新技术产业开发区,1799,1798
1808,430181,3,浏阳市,1799,1798
1807,430182,3,宁乡市,1799,1798
1809,430200,1,株洲市,0,1798
1810,430202,3,荷塘区,1809,1798
1811,430203,3,芦淞区,1809,1798
1812,430204,3,石峰区,1809,1798
1813,430211,3,天元区,1809,1798
1814,430212,3,渌口区,1809,1798
1815,430223,3,攸县,1809,1798
1816,430224,3,茶陵县,1809,1798
1817,430225,3,炎陵县,1809,1798
1818,430281,3,醴陵市,1809,1798
1819,430300,1,湘潭市,0,1798
1820,430302,3,雨湖区,1819,1798
1821,430304,3,岳塘区,1819,1798
1822,430321,3,湘潭县,1819,1798
1823,430381,3,湘乡市,1819,1798
1824,430382,3,韶山市,1819,1798
1825,430400,1,衡阳市,0,1798
1826,430405,3,珠晖区,1825,1798
1827,430406,3,雁峰区,1825,1798
1828,430407,3,石鼓区,1825,1798
1829,430408,3,蒸湘区,1825,1798
1830,430412,3,南岳区,1825,1798
1831,430421,3,衡阳县,1825,1798
1832,430422,3,衡南县,1825,1798
1833,430423,3,衡山县,1825,1798
1834,430424,3,衡东县,1825,1798
1835,430426,3,祁东县,1825,1798
1836,430481,3,耒阳市,1825,1798
1837,430482,3,常宁市,1825,1798
1838,430500,1,邵阳市,0,1798
1839,430502,3,双清区,1838,1798
1840,430503,3,大祥区,1838,1798
1841,430511,3,北塔区,1838,1798
1842,430521,3,邵东市,1838,1798
1843,430522,3,新邵县,1838,1798
1844,430523,3,邵阳县,1838,1798
1845,430524,3,隆回县,1838,1798
1846,430525,3,洞口县,1838,1798
1847,430527,3,绥宁县,1838,1798
1848,430528,3,新宁县,1838,1798
1849,430529,3,城步苗族自治县,1838,1798
1850,430581,3,武冈市,1838,1798
1851,430600,1,岳阳市,0,1798
1852,430602,3,岳阳楼区,1851,1798
1853,430603,3,云溪区,1851,1798
1854,430611,3,君山区,1851,1798
1855,430621,3,岳阳县,1851,1798
1856,430623,3,华容县,1851,1798
1857,430624,3,湘阴县,1851,1798
1858,430626,3,平江县,1851,1798
1859,430681,3,汨罗市,1851,1798
1860,430682,3,临湘市,1851,1798
1861,430700,1,常德市,0,1798
1862,430702,3,武陵区,1861,1798
1863,430703,3,鼎城区,1861,1798
1864,430721,3,安乡县,1861,1798
1865,430722,3,汉寿县,1861,1798
1866,430723,3,澧县,1861,1798
1867,430724,3,临澧县,1861,1798
1868,430725,3,桃源县,1861,1798
1869,430726,3,石门县,1861,1798
1870,430781,3,津市市,1861,1798
1871,430800,1,张家界市,0,1798
1872,430802,3,永定区,1871,1798
1873,430811,3,武陵源区,1871,1798
1874,430821,3,慈利县,1871,1798
1875,430822,3,桑植县,1871,1798
1876,430900,1,益阳市,0,1798
1877,430902,3,资阳区,1876,1798
1878,430903,3,赫山区,1876,1798
1879,430921,3,南县,1876,1798
1880,430922,3,桃江县,1876,1798
1881,430923,3,安化县,1876,1798
1882,430981,3,沅江市,1876,1798
1883,431000,1,郴州市,0,1798
1884,431002,3,北湖区,1883,1798
1885,431003,3,苏仙区,1883,1798
1886,431021,3,桂阳县,1883,1798
1887,431022,3,宜章县,1883,1798
1888,431023,3,永兴县,1883,1798
1889,431024,3,嘉禾县,1883,1798
1890,431025,3,临武县,1883,1798
1891,431026,3,汝城县,1883,1798
1892,431027,3,桂东县,1883,1798
1893,431028,3,安仁县,1883,1798
1894,431081,3,资兴市,1883,1798
1895,431100,1,永州市,0,1798
1896,431102,3,零陵区,1895,1798
1897,431103,3,冷水滩区,1895,1798
1898,431121,3,祁阳县,1895,1798
1899,431122,3,东安县,1895,1798
1900,431123,3,双牌县,1895,1798
1901,431124,3,道县,1895,1798
1902,431125,3,江永县,1895,1798
1903,431126,3,宁远县,1895,1798
1904,431127,3,蓝山县,1895,1798
1905,431128,3,新田县,1895,1798
1906,431129,3,江华瑶族自治县,1895,1798
1907,431200,1,怀化市,0,1798
1908,431202,3,鹤城区,1907,1798
1909,431221,3,中方县,1907,1798
1910,431222,3,沅陵县,1907,1798
1911,431223,3,辰溪县,1907,1798
1912,431224,3,溆浦县,1907,1798
1913,431225,3,会同县,1907,1798
1914,431226,3,麻阳苗族自治县,1907,1798
1915,431227,3,新晃侗族自治县,1907,1798
1916,431228,3,芷江侗族自治县,1907,1798
1917,431229,3,靖州苗族侗族自治县,1907,1798
1918,431230,3,通道侗族自治县,1907,1798
1919,431281,3,洪江市,1907,1798
1920,431300,1,娄底市,0,1798
1921,431302,3,娄星区,1920,1798
1922,431321,3,双峰县,1920,1798
1923,431322,3,新化县,1920,1798
1924,431381,3,冷水江市,1920,1798
1925,431382,3,涟源市,1920,1798
1926,433100,1,湘西土家族苗族自治州,0,1798
1927,433101,3,吉首市,1926,1798
1928,433122,3,泸溪县,1926,1798
1929,433123,3,凤凰县,1926,1798
1930,433124,3,花垣县,1926,1798
1931,433125,3,保靖县,1926,1798
1932,433126,3,古丈县,1926,1798
1933,433127,3,永顺县,1926,1798
1934,433130,3,龙山县,1926,1798
1935,440000,0,广东省,0,0
1936,440100,1,广州市,0,1935
1937,440103,3,荔湾区,1936,1935
1938,440104,3,越秀区,1936,1935
1939,440105,3,海珠区,1936,1935
1940,440106,3,天河区,1936,1935
1941,440111,3,白云区,1936,1935
1942,440112,3,黄埔区,1936,1935
1943,440113,3,番禺区,1936,1935
1944,440114,3,花都区,1936,1935
1945,440115,3,南沙区,1936,1935
1946,440117,3,从化区,1936,1935
1947,440118,3,增城区,1936,1935
5003,440171,6,广州高新技术产业开发区,1936,1935
1948,440200,1,韶关市,0,1935
1949,440203,3,武江区,1948,1935
1950,440204,3,浈江区,1948,1935
1951,440205,3,曲江区,1948,1935
1952,440222,3,始兴县,1948,1935
1953,440224,3,仁化县,1948,1935
1954,440229,3,翁源县,1948,1935
1955,440232,3,乳源瑶族自治县,1948,1935
1956,440233,3,新丰县,1948,1935
1957,440281,3,乐昌市,1948,1935
1958,440282,3,南雄市,1948,1935
1959,440300,1,深圳市,0,1935
1960,440303,3,罗湖区,1959,1935
1961,440304,3,福田区,1959,1935
1962,440305,3,南山区,1959,1935
1963,440306,3,宝安区,1959,1935
1964,440307,3,龙岗区,1959,1935
1965,440308,3,盐田区,1959,1935
3224,440309,3,龙华区,1959,1935
3225,440310,3,坪山区,1959,1935
3229,440311,3,光明区,1959,1935
1966,440400,1,珠海市,0,1935
1967,440402,3,香洲区,1966,1935
1968,440403,3,斗门区,1966,1935
1969,440404,3,金湾区,1966,1935
1970,440500,1,汕头市,0,1935
1971,440507,3,龙湖区,1970,1935
1972,440511,3,金平区,1970,1935
1973,440512,3,濠江区,1970,1935
1974,440513,3,潮阳区,1970,1935
1975,440514,3,潮南区,1970,1935
1976,440515,3,澄海区,1970,1935
1977,440523,3,南澳县,1970,1935
1978,440600,1,佛山市,0,1935
1979,440604,3,禅城区,1978,1935
1980,440605,3,南海区,1978,1935
1981,440606,3,顺德区,1978,1935
1982,440607,3,三水区,1978,1935
1983,440608,3,高明区,1978,1935
1984,440700,1,江门市,0,1935
1985,440703,3,蓬江区,1984,1935
1986,440704,3,江海区,1984,1935
1987,440705,3,新会区,1984,1935
1988,440781,3,台山市,1984,1935
1989,440783,3,开平市,1984,1935
1990,440784,3,鹤山市,1984,1935
1991,440785,3,恩平市,1984,1935
1992,440800,1,湛江市,0,1935
1993,440802,3,赤坎区,1992,1935
1994,440803,3,霞山区,1992,1935
1995,440804,3,坡头区,1992,1935
1996,440811,3,麻章区,1992,1935
1997,440823,3,遂溪县,1992,1935
1998,440825,3,徐闻县,1992,1935
1999,440881,3,廉江市,1992,1935
2000,440882,3,雷州市,1992,1935
2001,440883,3,吴川市,1992,1935
2002,440900,1,茂名市,0,1935
2003,440902,3,茂南区,2002,1935
2004,440904,3,电白区,2002,1935
2005,440981,3,高州市,2002,1935
2006,440982,3,化州市,2002,1935
2007,440983,3,信宜市,2002,1935
2008,441200,1,肇庆市,0,1935
2009,441202,3,端州区,2008,1935
2010,441203,3,鼎湖区,2008,1935
2011,441204,3,高要区,2008,1935
2012,441223,3,广宁县,2008,1935
2013,441224,3,怀集县,2008,1935
2014,441225,3,封开县,2008,1935
2015,441226,3,德庆县,2008,1935
5021,441271,6,肇庆高新技术产业开发区,2008,1935
2016,441284,3,四会市,2008,1935
2017,441300,1,惠州市,0,1935
2018,441302,3,惠城区,2017,1935
2019,441303,3,惠阳区,2017,1935
2020,441322,3,博罗县,2017,1935
2021,441323,3,惠东县,2017,1935
2022,441324,3,龙门县,2017,1935
2023,441400,1,梅州市,0,1935
2024,441402,3,梅江区,2023,1935
2025,441403,3,梅县区,2023,1935
2026,441422,3,大埔县,2023,1935
2027,441423,3,丰顺县,2023,1935
2028,441424,3,五华县,2023,1935
2029,441426,3,平远县,2023,1935
2030,441427,3,蕉岭县,2023,1935
2031,441481,3,兴宁市,2023,1935
2032,441500,1,汕尾市,0,1935
2033,441502,3,城区,2032,1935
2034,441521,3,海丰县,2032,1935
2035,441523,3,陆河县,2032,1935
2036,441581,3,陆丰市,2032,1935
2037,441600,1,河源市,0,1935
2038,441602,3,源城区,2037,1935
2039,441621,3,紫金县,2037,1935
2040,441622,3,龙川县,2037,1935
2041,441623,3,连平县,2037,1935
2042,441624,3,和平县,2037,1935
2043,441625,3,东源县,2037,1935
2044,441700,1,阳江市,0,1935
2045,441702,3,江城区,2044,1935
2046,441704,3,阳东区,2044,1935
2047,441721,3,阳西县,2044,1935
2048,441781,3,阳春市,2044,1935
2049,441800,1,清远市,0,1935
2050,441802,3,清城区,2049,1935
2051,441803,3,清新区,2049,1935
2052,441821,3,佛冈县,2049,1935
2053,441823,3,阳山县,2049,1935
2054,441825,3,连山壮族瑶族自治县,2049,1935
2055,441826,3,连南瑶族自治县,2049,1935
2056,441881,3,英德市,2049,1935
2057,441882,3,连州市,2049,1935
2058,441900,1,东莞市,0,1935
5002,441971,6,东莞高新技术产业开发区,2058,1935
2059,442000,1,中山市,0,1935
2060,445100,1,潮州市,0,1935
2061,445102,3,湘桥区,2060,1935
2062,445103,3,潮安区,2060,1935
2063,445122,3,饶平县,2060,1935
2064,445200,1,揭阳市,0,1935
2065,445202,3,榕城区,2064,1935
2066,445203,3,揭东区,2064,1935
2067,445222,3,揭西县,2064,1935
2068,445224,3,惠来县,2064,1935
2069,445281,3,普宁市,2064,1935
2070,445300,1,云浮市,0,1935
2071,445302,3,云城区,2070,1935
2072,445303,3,云安区,2070,1935
2073,445321,3,新兴县,2070,1935
2074,445322,3,郁南县,2070,1935
2075,445381,3,罗定市,2070,1935
2076,450000,0,广西壮族自治区,0,0
2077,450100,1,南宁市,0,2076
2078,450102,3,兴宁区,2077,2076
2079,450103,3,青秀区,2077,2076
2080,450105,3,江南区,2077,2076
2081,450107,3,西乡塘区,2077,2076
2082,450108,3,良庆区,2077,2076
2083,450109,3,邕宁区,2077,2076
2084,450110,3,武鸣区,2077,2076
2085,450123,3,隆安县,2077,2076
2086,450124,3,马山县,2077,2076
2087,450125,3,上林县,2077,2076
2088,450126,3,宾阳县,2077,2076
2089,450127,3,横县,2077,2076
2090,450200,1,柳州市,0,2076
2091,450202,3,城中区,2090,2076
2092,450203,3,鱼峰区,2090,2076
2093,450204,3,柳南区,2090,2076
2094,450205,3,柳北区,2090,2076
2095,450206,3,柳江区,2090,2076
2096,450222,3,柳城县,2090,2076
2097,450223,3,鹿寨县,2090,2076
2098,450224,3,融安县,2090,2076
2099,450225,3,融水苗族自治县,2090,2076
2100,450226,3,三江侗族自治县,2090,2076
2101,450300,1,桂林市,0,2076
2102,450302,3,秀峰区,2101,2076
2103,450303,3,叠彩区,2101,2076
2104,450304,3,象山区,2101,2076
2105,450305,3,七星区,2101,2076
2106,450311,3,雁山区,2101,2076
2107,450312,3,临桂区,2101,2076
2108,450321,3,阳朔县,2101,2076
2109,450323,3,灵川县,2101,2076
2110,450324,3,全州县,2101,2076
2111,450325,3,兴安县,2101,2076
2112,450326,3,永福县,2101,2076
2113,450327,3,灌阳县,2101,2076
2114,450328,3,龙胜各族自治县,2101,2076
2115,450329,3,资源县,2101,2076
2116,450330,3,平乐县,2101,2076
2118,450332,3,恭城瑶族自治县,2101,2076
2117,450381,3,荔浦市,2101,2076
2119,450400,1,梧州市,0,2076
2120,450403,3,万秀区,2119,2076
2121,450405,3,长洲区,2119,2076
2122,450406,3,龙圩区,2119,2076
2123,450421,3,苍梧县,2119,2076
2124,450422,3,藤县,2119,2076
2125,450423,3,蒙山县,2119,2076
2126,450481,3,岑溪市,2119,2076
2127,450500,1,北海市,0,2076
2128,450502,3,海城区,2127,2076
2129,450503,3,银海区,2127,2076
2130,450512,3,铁山港区,2127,2076
2131,450521,3,合浦县,2127,2076
2132,450600,1,防城港市,0,2076
2133,450602,3,港口区,2132,2076
2134,450603,3,防城区,2132,2076
2135,450621,3,上思县,2132,2076
2136,450681,3,东兴市,2132,2076
2137,450700,1,钦州市,0,2076
2138,450702,3,钦南区,2137,2076
2139,450703,3,钦北区,2137,2076
2140,450721,3,灵山县,2137,2076
2141,450722,3,浦北县,2137,2076
2142,450800,1,贵港市,0,2076
2143,450802,3,港北区,2142,2076
2144,450803,3,港南区,2142,2076
2145,450804,3,覃塘区,2142,2076
2146,450821,3,平南县,2142,2076
2147,450881,3,桂平市,2142,2076
2148,450900,1,玉林市,0,2076
2149,450902,3,玉州区,2148,2076
2150,450903,3,福绵区,2148,2076
2151,450921,3,容县,2148,2076
2152,450922,3,陆川县,2148,2076
2153,450923,3,博白县,2148,2076
2154,450924,3,兴业县,2148,2076
2155,450981,3,北流市,2148,2076
2156,451000,1,百色市,0,2076
2157,451002,3,右江区,2156,2076
2158,451021,3,田阳区,2156,2076
2159,451022,3,田东县,2156,2076
2160,451023,3,平果县,2156,2076
2161,451024,3,德保县,2156,2076
2162,451026,3,那坡县,2156,2076
2163,451027,3,凌云县,2156,2076
2164,451028,3,乐业县,2156,2076
2165,451029,3,田林县,2156,2076
2166,451030,3,西林县,2156,2076
2167,451031,3,隆林各族自治县,2156,2076
2168,451081,3,靖西市,2156,2076
2169,451100,1,贺州市,0,2076
2170,451102,3,八步区,2169,2076
3226,451103,3,平桂区,2169,2076
2171,451121,3,昭平县,2169,2076
2172,451122,3,钟山县,2169,2076
2173,451123,3,富川瑶族自治县,2169,2076
2174,451200,1,河池市,0,2076
2175,451202,3,金城江区,2174,2076
2185,451203,3,宜州区,2174,2076
2176,451221,3,南丹县,2174,2076
2177,451222,3,天峨县,2174,2076
2178,451223,3,凤山县,2174,2076
2179,451224,3,东兰县,2174,2076
2180,451225,3,罗城仫佬族自治县,2174,2076
2181,451226,3,环江毛南族自治县,2174,2076
2182,451227,3,巴马瑶族自治县,2174,2076
2183,451228,3,都安瑶族自治县,2174,2076
2184,451229,3,大化瑶族自治县,2174,2076
2186,451300,1,来宾市,0,2076
2187,451302,3,兴宾区,2186,2076
2188,451321,3,忻城县,2186,2076
2189,451322,3,象州县,2186,2076
2190,451323,3,武宣县,2186,2076
2191,451324,3,金秀瑶族自治县,2186,2076
2192,451381,3,合山市,2186,2076
2193,451400,1,崇左市,0,2076
2194,451402,3,江州区,2193,2076
2195,451421,3,扶绥县,2193,2076
2196,451422,3,宁明县,2193,2076
2197,451423,3,龙州县,2193,2076
2198,451424,3,大新县,2193,2076
2199,451425,3,天等县,2193,2076
2200,451481,3,凭祥市,2193,2076
2201,460000,0,海南省,0,0
2202,460100,1,海口市,0,2201
2203,460105,3,秀英区,2202,2201
2204,460106,3,龙华区,2202,2201
2205,460107,3,琼山区,2202,2201
2206,460108,3,美兰区,2202,2201
2207,460200,1,三亚市,0,2201
2208,460202,3,海棠区,2207,2201
2209,460203,3,吉阳区,2207,2201
2210,460204,3,天涯区,2207,2201
2211,460205,3,崖州区,2207,2201
2212,460300,1,三沙市,0,2201
2213,460400,1,儋州市,0,2201
2214,469001,5,五指山市,0,2201
2215,469002,5,琼海市,0,2201
2216,469005,5,文昌市,0,2201
2217,469006,5,万宁市,0,2201
2218,469007,5,东方市,0,2201
2219,469021,5,定安县,0,2201
2220,469022,5,屯昌县,0,2201
2221,469023,5,澄迈县,0,2201
2222,469024,5,临高县,0,2201
2223,469025,5,白沙黎族自治县,0,2201
2224,469026,5,昌江黎族自治县,0,2201
2225,469027,5,乐东黎族自治县,0,2201
2226,469028,5,陵水黎族自治县,0,2201
2227,469029,5,保亭黎族苗族自治县,0,2201
2228,469030,5,琼中黎族苗族自治县,0,2201
2229,500000,2,重庆市,0,0
2230,500101,4,万州区,2229,0
2231,500102,4,涪陵区,2229,0
2232,500103,4,渝中区,2229,0
2233,500104,4,大渡口区,2229,0
2234,500105,4,江北区,2229,0
2235,500106,4,沙坪坝区,2229,0
2236,500107,4,九龙坡区,2229,0
2237,500108,4,南岸区,2229,0
2238,500109,4,北碚区,2229,0
2239,500110,4,綦江区,2229,0
2240,500111,4,大足区,2229,0
2241,500112,4,渝北区,2229,0
2242,500113,4,巴南区,2229,0
2243,500114,4,黔江区,2229,0
2244,500115,4,长寿区,2229,0
2245,500116,4,江津区,2229,0
2246,500117,4,合川区,2229,0
2247,500118,4,永川区,2229,0
2248,500119,4,南川区,2229,0
2249,500120,4,璧山区,2229,0
2250,500151,4,铜梁区,2229,0
2251,500152,4,潼南区,2229,0
2252,500153,4,荣昌区,2229,0
2259,500154,4,开州区,2229,0
2253,500155,4,梁平区,2229,0
2257,500156,4,武隆区,2229,0
5019,500171,7,重庆高新技术产业开发区,2229,0
2254,500229,4,城口县,2229,0
2255,500230,4,丰都县,2229,0
2256,500231,4,垫江县,2229,0
2258,500233,4,忠县,2229,0
2260,500235,4,云阳县,2229,0
2261,500236,4,奉节县,2229,0
2262,500237,4,巫山县,2229,0
2263,500238,4,巫溪县,2229,0
2264,500240,4,石柱土家族自治县,2229,0
2265,500241,4,秀山土家族苗族自治县,2229,0
2266,500242,4,酉阳土家族苗族自治县,2229,0
2267,500243,4,彭水苗族土家族自治县,2229,0
2268,510000,0,四川省,0,0
5025,510071,10,成都天府新区,0,2268
2269,510100,1,成都市,0,2268
2270,510104,3,锦江区,2269,2268
2271,510105,3,青羊区,2269,2268
2272,510106,3,金牛区,2269,2268
2273,510107,3,武侯区,2269,2268
2274,510108,3,成华区,2269,2268
2275,510112,3,龙泉驿区,2269,2268
2276,510113,3,青白江区,2269,2268
2277,510114,3,新都区,2269,2268
2278,510115,3,温江区,2269,2268
2279,510116,3,双流区,2269,2268
2281,510117,3,郫都区,2269,2268
2280,510121,3,金堂县,2269,2268
2282,510129,3,大邑县,2269,2268
2283,510131,3,蒲江县,2269,2268
2284,510132,3,新津县,2269,2268
5001,510171,6,成都高新技术产业开发区,2269,2268
2285,510181,3,都江堰市,2269,2268
2286,510182,3,彭州市,2269,2268
2287,510183,3,邛崃市,2269,2268
2288,510184,3,崇州市,2269,2268
2421,510185,3,简阳市,2269,2268
2289,510300,1,自贡市,0,2268
2290,510302,3,自流井区,2289,2268
2291,510303,3,贡井区,2289,2268
2292,510304,3,大安区,2289,2268
2293,510311,3,沿滩区,2289,2268
2294,510321,3,荣县,2289,2268
2295,510322,3,富顺县,2289,2268
2296,510400,1,攀枝花市,0,2268
2297,510402,3,东区,2296,2268
2298,510403,3,西区,2296,2268
2299,510411,3,仁和区,2296,2268
2300,510421,3,米易县,2296,2268
2301,510422,3,盐边县,2296,2268
2302,510500,1,泸州市,0,2268
2303,510502,3,江阳区,2302,2268
2304,510503,3,纳溪区,2302,2268
2305,510504,3,龙马潭区,2302,2268
2306,510521,3,泸县,2302,2268
2307,510522,3,合江县,2302,2268
2308,510524,3,叙永县,2302,2268
2309,510525,3,古蔺县,2302,2268
2310,510600,1,德阳市,0,2268
2311,510603,3,旌阳区,2310,2268
2313,510604,3,罗江区,2310,2268
2312,510623,3,中江县,2310,2268
2314,510681,3,广汉市,2310,2268
2315,510682,3,什邡市,2310,2268
2316,510683,3,绵竹市,2310,2268
2317,510700,1,绵阳市,0,2268
2318,510703,3,涪城区,2317,2268
2319,510704,3,游仙区,2317,2268
2322,510705,3,安州区,2317,2268
2320,510722,3,三台县,2317,2268
2321,510723,3,盐亭县,2317,2268
2323,510725,3,梓潼县,2317,2268
2324,510726,3,北川羌族自治县,2317,2268
2325,510727,3,平武县,2317,2268
2326,510781,3,江油市,2317,2268
2327,510800,1,广元市,0,2268
2328,510802,3,利州区,2327,2268
2329,510811,3,昭化区,2327,2268
2330,510812,3,朝天区,2327,2268
2331,510821,3,旺苍县,2327,2268
2332,510822,3,青川县,2327,2268
2333,510823,3,剑阁县,2327,2268
2334,510824,3,苍溪县,2327,2268
2335,510900,1,遂宁市,0,2268
2336,510903,3,船山区,2335,2268
2337,510904,3,安居区,2335,2268
2338,510921,3,蓬溪县,2335,2268
2339,510922,3,射洪市,2335,2268
2340,510923,3,大英县,2335,2268
2341,511000,1,内江市,0,2268
2342,511002,3,市中区,2341,2268
2343,511011,3,东兴区,2341,2268
2344,511024,3,威远县,2341,2268
2345,511025,3,资中县,2341,2268
2346,511083,3,隆昌市,2341,2268
2347,511100,1,乐山市,0,2268
2348,511102,3,市中区,2347,2268
2349,511111,3,沙湾区,2347,2268
2350,511112,3,五通桥区,2347,2268
2351,511113,3,金口河区,2347,2268
2352,511123,3,犍为县,2347,2268
2353,511124,3,井研县,2347,2268
2354,511126,3,夹江县,2347,2268
2355,511129,3,沐川县,2347,2268
2356,511132,3,峨边彝族自治县,2347,2268
2357,511133,3,马边彝族自治县,2347,2268
5020,511171,6,乐山高新技术产业开发区,2347,2268
2358,511181,3,峨眉山市,2347,2268
2359,511300,1,南充市,0,2268
2360,511302,3,顺庆区,2359,2268
2361,511303,3,高坪区,2359,2268
2362,511304,3,嘉陵区,2359,2268
2363,511321,3,南部县,2359,2268
2364,511322,3,营山县,2359,2268
2365,511323,3,蓬安县,2359,2268
2366,511324,3,仪陇县,2359,2268
2367,511325,3,西充县,2359,2268
2368,511381,3,阆中市,2359,2268
2369,511400,1,眉山市,0,2268
2370,511402,3,东坡区,2369,2268
2371,511403,3,彭山区,2369,2268
2372,511421,3,仁寿县,2369,2268
2373,511423,3,洪雅县,2369,2268
2374,511424,3,丹棱县,2369,2268
2375,511425,3,青神县,2369,2268
2376,511500,1,宜宾市,0,2268
2377,511502,3,翠屏区,2376,2268
2378,511503,3,南溪区,2376,2268
2379,511504,3,叙州区,2376,2268
2380,511523,3,江安县,2376,2268
2381,511524,3,长宁县,2376,2268
2382,511525,3,高县,2376,2268
2383,511526,3,珙县,2376,2268
2384,511527,3,筠连县,2376,2268
2385,511528,3,兴文县,2376,2268
2386,511529,3,屏山县,2376,2268
2387,511600,1,广安市,0,2268
2388,511602,3,广安区,2387,2268
2389,511603,3,前锋区,2387,2268
2390,511621,3,岳池县,2387,2268
2391,511622,3,武胜县,2387,2268
2392,511623,3,邻水县,2387,2268
2393,511681,3,华蓥市,2387,2268
2394,511700,1,达州市,0,2268
2395,511702,3,通川区,2394,2268
2396,511703,3,达川区,2394,2268
2397,511722,3,宣汉县,2394,2268
2398,511723,3,开江县,2394,2268
2399,511724,3,大竹县,2394,2268
2400,511725,3,渠县,2394,2268
2401,511781,3,万源市,2394,2268
2402,511800,1,雅安市,0,2268
2403,511802,3,雨城区,2402,2268
2404,511803,3,名山区,2402,2268
2405,511822,3,荥经县,2402,2268
2406,511823,3,汉源县,2402,2268
2407,511824,3,石棉县,2402,2268
2408,511825,3,天全县,2402,2268
2409,511826,3,芦山县,2402,2268
2410,511827,3,宝兴县,2402,2268
2411,511900,1,巴中市,0,2268
2412,511902,3,巴州区,2411,2268
2413,511903,3,恩阳区,2411,2268
2414,511921,3,通江县,2411,2268
2415,511922,3,南江县,2411,2268
2416,511923,3,平昌县,2411,2268
2417,512000,1,资阳市,0,2268
2418,512002,3,雁江区,2417,2268
2419,512021,3,安岳县,2417,2268
2420,512022,3,乐至县,2417,2268
2422,513200,1,阿坝藏族羌族自治州,0,2268
2423,513201,3,马尔康市,2422,2268
2424,513221,3,汶川县,2422,2268
2425,513222,3,理县,2422,2268
2426,513223,3,茂县,2422,2268
2427,513224,3,松潘县,2422,2268
2428,513225,3,九寨沟县,2422,2268
2429,513226,3,金川县,2422,2268
2430,513227,3,小金县,2422,2268
2431,513228,3,黑水县,2422,2268
2432,513230,3,壤塘县,2422,2268
2433,513231,3,阿坝县,2422,2268
2434,513232,3,若尔盖县,2422,2268
2435,513233,3,红原县,2422,2268
2436,513300,1,甘孜藏族自治州,0,2268
2437,513301,3,康定市,2436,2268
2438,513322,3,泸定县,2436,2268
2439,513323,3,丹巴县,2436,2268
2440,513324,3,九龙县,2436,2268
2441,513325,3,雅江县,2436,2268
2442,513326,3,道孚县,2436,2268
2443,513327,3,炉霍县,2436,2268
2444,513328,3,甘孜县,2436,2268
2445,513329,3,新龙县,2436,2268
2446,513330,3,德格县,2436,2268
2447,513331,3,白玉县,2436,2268
2448,513332,3,石渠县,2436,2268
2449,513333,3,色达县,2436,2268
2450,513334,3,理塘县,2436,2268
2451,513335,3,巴塘县,2436,2268
2452,513336,3,乡城县,2436,2268
2453,513337,3,稻城县,2436,2268
2454,513338,3,得荣县,2436,2268
2455,513400,1,凉山彝族自治州,0,2268
2456,513401,3,西昌市,2455,2268
2457,513422,3,木里藏族自治县,2455,2268
2458,513423,3,盐源县,2455,2268
2459,513424,3,德昌县,2455,2268
2460,513425,3,会理县,2455,2268
2461,513426,3,会东县,2455,2268
2462,513427,3,宁南县,2455,2268
2463,513428,3,普格县,2455,2268
2464,513429,3,布拖县,2455,2268
2465,513430,3,金阳县,2455,2268
2466,513431,3,昭觉县,2455,2268
2467,513432,3,喜德县,2455,2268
2468,513433,3,冕宁县,2455,2268
2469,513434,3,越西县,2455,2268
2470,513435,3,甘洛县,2455,2268
2471,513436,3,美姑县,2455,2268
2472,513437,3,雷波县,2455,2268
2473,520000,0,贵州省,0,0
2474,520100,1,贵阳市,0,2473
2475,520102,3,南明区,2474,2473
2476,520103,3,云岩区,2474,2473
2477,520111,3,花溪区,2474,2473
2478,520112,3,乌当区,2474,2473
2479,520113,3,白云区,2474,2473
2480,520115,3,观山湖区,2474,2473
2481,520121,3,开阳县,2474,2473
2482,520122,3,息烽县,2474,2473
2483,520123,3,修文县,2474,2473
5004,520171,6,贵阳高新技术产业开发区,2474,2473
2484,520181,3,清镇市,2474,2473
2485,520200,1,六盘水市,0,2473
2486,520201,3,钟山区,2485,2473
2487,520203,3,六枝特区,2485,2473
2488,520221,3,水城县,2485,2473
2489,520281,3,盘州市,2485,2473
2490,520300,1,遵义市,0,2473
2491,520302,3,红花岗区,2490,2473
2492,520303,3,汇川区,2490,2473
2493,520304,3,播州区,2490,2473
2494,520322,3,桐梓县,2490,2473
2495,520323,3,绥阳县,2490,2473
2496,520324,3,正安县,2490,2473
2497,520325,3,道真仡佬族苗族自治县,2490,2473
2498,520326,3,务川仡佬族苗族自治县,2490,2473
2499,520327,3,凤冈县,2490,2473
2500,520328,3,湄潭县,2490,2473
2501,520329,3,余庆县,2490,2473
2502,520330,3,习水县,2490,2473
2503,520381,3,赤水市,2490,2473
2504,520382,3,仁怀市,2490,2473
2505,520400,1,安顺市,0,2473
2506,520402,3,西秀区,2505,2473
2507,520403,3,平坝区,2505,2473
2508,520422,3,普定县,2505,2473
2509,520423,3,镇宁布依族苗族自治县,2505,2473
2510,520424,3,关岭布依族苗族自治县,2505,2473
2511,520425,3,紫云苗族布依族自治县,2505,2473
2512,520500,1,毕节市,0,2473
2513,520502,3,七星关区,2512,2473
2514,520521,3,大方县,2512,2473
2515,520522,3,黔西县,2512,2473
2516,520523,3,金沙县,2512,2473
2517,520524,3,织金县,2512,2473
2518,520525,3,纳雍县,2512,2473
2519,520526,3,威宁彝族回族苗族自治县,2512,2473
2520,520527,3,赫章县,2512,2473
2521,520600,1,铜仁市,0,2473
2522,520602,3,碧江区,2521,2473
2523,520603,3,万山区,2521,2473
2524,520621,3,江口县,2521,2473
2525,520622,3,玉屏侗族自治县,2521,2473
2526,520623,3,石阡县,2521,2473
2527,520624,3,思南县,2521,2473
2528,520625,3,印江土家族苗族自治县,2521,2473
2529,520626,3,德江县,2521,2473
2530,520627,3,沿河土家族自治县,2521,2473
2531,520628,3,松桃苗族自治县,2521,2473
2532,522300,1,黔西南布依族苗族自治州,0,2473
2533,522301,3,兴义市,2532,2473
2534,522302,3,兴仁市,2532,2473
2535,522323,3,普安县,2532,2473
2536,522324,3,晴隆县,2532,2473
2537,522325,3,贞丰县,2532,2473
2538,522326,3,望谟县,2532,2473
2539,522327,3,册亨县,2532,2473
2540,522328,3,安龙县,2532,2473
2541,522600,1,黔东南苗族侗族自治州,0,2473
2542,522601,3,凯里市,2541,2473
2543,522622,3,黄平县,2541,2473
2544,522623,3,施秉县,2541,2473
2545,522624,3,三穗县,2541,2473
2546,522625,3,镇远县,2541,2473
2547,522626,3,岑巩县,2541,2473
2548,522627,3,天柱县,2541,2473
2549,522628,3,锦屏县,2541,2473
2550,522629,3,剑河县,2541,2473
2551,522630,3,台江县,2541,2473
2552,522631,3,黎平县,2541,2473
2553,522632,3,榕江县,2541,2473
2554,522633,3,从江县,2541,2473
2555,522634,3,雷山县,2541,2473
2556,522635,3,麻江县,2541,2473
2557,522636,3,丹寨县,2541,2473
2558,522700,1,黔南布依族苗族自治州,0,2473
2559,522701,3,都匀市,2558,2473
2560,522702,3,福泉市,2558,2473
2561,522722,3,荔波县,2558,2473
2562,522723,3,贵定县,2558,2473
2563,522725,3,瓮安县,2558,2473
2564,522726,3,独山县,2558,2473
2565,522727,3,平塘县,2558,2473
2566,522728,3,罗甸县,2558,2473
2567,522729,3,长顺县,2558,2473
2568,522730,3,龙里县,2558,2473
2569,522731,3,惠水县,2558,2473
2570,522732,3,三都水族自治县,2558,2473
2571,530000,0,云南省,0,0
2572,530100,1,昆明市,0,2571
2573,530102,3,五华区,2572,2571
2574,530103,3,盘龙区,2572,2571
2575,530111,3,官渡区,2572,2571
2576,530112,3,西山区,2572,2571
2577,530113,3,东川区,2572,2571
2578,530114,3,呈贡区,2572,2571
2579,530115,3,晋宁区,2572,2571
2580,530124,3,富民县,2572,2571
2581,530125,3,宜良县,2572,2571
2582,530126,3,石林彝族自治县,2572,2571
2583,530127,3,嵩明县,2572,2571
2584,530128,3,禄劝彝族苗族自治县,2572,2571
2585,530129,3,寻甸回族彝族自治县,2572,2571
5007,530171,6,昆明高新技术产业开发区,2572,2571
2586,530181,3,安宁市,2572,2571
2587,530300,1,曲靖市,0,2571
2588,530302,3,麒麟区,2587,2571
2589,530303,3,沾益区,2587,2571
2590,530304,3,马龙区,2587,2571
2591,530322,3,陆良县,2587,2571
2592,530323,3,师宗县,2587,2571
2593,530324,3,罗平县,2587,2571
2594,530325,3,富源县,2587,2571
2595,530326,3,会泽县,2587,2571
2596,530381,3,宣威市,2587,2571
2597,530400,1,玉溪市,0,2571
2598,530402,3,红塔区,2597,2571
2599,530403,3,江川区,2597,2571
2600,530422,3,澄江县,2597,2571
2601,530423,3,通海县,2597,2571
2602,530424,3,华宁县,2597,2571
2603,530425,3,易门县,2597,2571
2604,530426,3,峨山彝族自治县,2597,2571
2605,530427,3,新平彝族傣族自治县,2597,2571
2606,530428,3,元江哈尼族彝族傣族自治县,2597,2571
2607,530500,1,保山市,0,2571
2608,530502,3,隆阳区,2607,2571
2609,530521,3,施甸县,2607,2571
2610,530523,3,龙陵县,2607,2571
2611,530524,3,昌宁县,2607,2571
2612,530581,3,腾冲市,2607,2571
2613,530600,1,昭通市,0,2571
2614,530602,3,昭阳区,2613,2571
2615,530621,3,鲁甸县,2613,2571
2616,530622,3,巧家县,2613,2571
2617,530623,3,盐津县,2613,2571
2618,530624,3,大关县,2613,2571
2619,530625,3,永善县,2613,2571
2620,530626,3,绥江县,2613,2571
2621,530627,3,镇雄县,2613,2571
2622,530628,3,彝良县,2613,2571
2623,530629,3,威信县,2613,2571
2624,530681,3,水富市,2613,2571
2625,530700,1,丽江市,0,2571
2626,530702,3,古城区,2625,2571
2627,530721,3,玉龙纳西族自治县,2625,2571
2628,530722,3,永胜县,2625,2571
2629,530723,3,华坪县,2625,2571
2630,530724,3,宁蒗彝族自治县,2625,2571
2631,530800,1,普洱市,0,2571
2632,530802,3,思茅区,2631,2571
2633,530821,3,宁洱哈尼族彝族自治县,2631,2571
2634,530822,3,墨江哈尼族自治县,2631,2571
2635,530823,3,景东彝族自治县,2631,2571
2636,530824,3,景谷傣族彝族自治县,2631,2571
2637,530825,3,镇沅彝族哈尼族拉祜族自治县,2631,2571
2638,530826,3,江城哈尼族彝族自治县,2631,2571
2639,530827,3,孟连傣族拉祜族佤族自治县,2631,2571
2640,530828,3,澜沧拉祜族自治县,2631,2571
2641,530829,3,西盟佤族自治县,2631,2571
2642,530900,1,临沧市,0,2571
2643,530902,3,临翔区,2642,2571
2644,530921,3,凤庆县,2642,2571
2645,530922,3,云县,2642,2571
2646,530923,3,永德县,2642,2571
2647,530924,3,镇康县,2642,2571
2648,530925,3,双江拉祜族佤族布朗族傣族自治县,2642,2571
2649,530926,3,耿马傣族佤族自治县,2642,2571
2650,530927,3,沧源佤族自治县,2642,2571
2651,532300,1,楚雄彝族自治州,0,2571
2652,532301,3,楚雄市,2651,2571
2653,532322,3,双柏县,2651,2571
2654,532323,3,牟定县,2651,2571
2655,532324,3,南华县,2651,2571
2656,532325,3,姚安县,2651,2571
2657,532326,3,大姚县,2651,2571
2658,532327,3,永仁县,2651,2571
2659,532328,3,元谋县,2651,2571
2660,532329,3,武定县,2651,2571
2661,532331,3,禄丰县,2651,2571
2662,532500,1,红河哈尼族彝族自治州,0,2571
2663,532501,3,个旧市,2662,2571
2664,532502,3,开远市,2662,2571
2665,532503,3,蒙自市,2662,2571
2666,532504,3,弥勒市,2662,2571
2667,532523,3,屏边苗族自治县,2662,2571
2668,532524,3,建水县,2662,2571
2669,532525,3,石屏县,2662,2571
2670,532527,3,泸西县,2662,2571
2671,532528,3,元阳县,2662,2571
2672,532529,3,红河县,2662,2571
2673,532530,3,金平苗族瑶族傣族自治县,2662,2571
2674,532531,3,绿春县,2662,2571
2675,532532,3,河口瑶族自治县,2662,2571
2676,532600,1,文山壮族苗族自治州,0,2571
2677,532601,3,文山市,2676,2571
2678,532622,3,砚山县,2676,2571
2679,532623,3,西畴县,2676,2571
2680,532624,3,麻栗坡县,2676,2571
2681,532625,3,马关县,2676,2571
2682,532626,3,丘北县,2676,2571
2683,532627,3,广南县,2676,2571
2684,532628,3,富宁县,2676,2571
2685,532800,1,西双版纳傣族自治州,0,2571
2686,532801,3,景洪市,2685,2571
2687,532822,3,勐海县,2685,2571
2688,532823,3,勐腊县,2685,2571
2689,532900,1,大理白族自治州,0,2571
2690,532901,3,大理市,2689,2571
2691,532922,3,漾濞彝族自治县,2689,2571
2692,532923,3,祥云县,2689,2571
2693,532924,3,宾川县,2689,2571
2694,532925,3,弥渡县,2689,2571
2695,532926,3,南涧彝族自治县,2689,2571
2696,532927,3,巍山彝族回族自治县,2689,2571
2697,532928,3,永平县,2689,2571
2698,532929,3,云龙县,2689,2571
2699,532930,3,洱源县,2689,2571
2700,532931,3,剑川县,2689,2571
2701,532932,3,鹤庆县,2689,2571
2702,533100,1,德宏傣族景颇族自治州,0,2571
2703,533102,3,瑞丽市,2702,2571
2704,533103,3,芒市,2702,2571
2705,533122,3,梁河县,2702,2571
2706,533123,3,盈江县,2702,2571
2707,533124,3,陇川县,2702,2571
2708,533300,1,怒江傈僳族自治州,0,2571
2709,533301,3,泸水市,2708,2571
2710,533323,3,福贡县,2708,2571
2711,533324,3,贡山独龙族怒族自治县,2708,2571
2712,533325,3,兰坪白族普米族自治县,2708,2571
2713,533400,1,迪庆藏族自治州,0,2571
2714,533401,3,香格里拉市,2713,2571
2715,533422,3,德钦县,2713,2571
2716,533423,3,维西傈僳族自治县,2713,2571
2717,540000,0,西藏自治区,0,0
2718,540100,1,拉萨市,0,2717
2719,540102,3,城关区,2718,2717
2720,540103,3,堆龙德庆区,2718,2717
2725,540104,3,达孜区,2718,2717
2721,540121,3,林周县,2718,2717
2722,540122,3,当雄县,2718,2717
2723,540123,3,尼木县,2718,2717
2724,540124,3,曲水县,2718,2717
2726,540127,3,墨竹工卡县,2718,2717
2727,540200,1,日喀则市,0,2717
2728,540202,3,桑珠孜区,2727,2717
2729,540221,3,南木林县,2727,2717
2730,540222,3,江孜县,2727,2717
2731,540223,3,定日县,2727,2717
2732,540224,3,萨迦县,2727,2717
2733,540225,3,拉孜县,2727,2717
2734,540226,3,昂仁县,2727,2717
2735,540227,3,谢通门县,2727,2717
2736,540228,3,白朗县,2727,2717
2737,540229,3,仁布县,2727,2717
2738,540230,3,康马县,2727,2717
2739,540231,3,定结县,2727,2717
2740,540232,3,仲巴县,2727,2717
2741,540233,3,亚东县,2727,2717
2742,540234,3,吉隆县,2727,2717
2743,540235,3,聂拉木县,2727,2717
2744,540236,3,萨嘎县,2727,2717
2745,540237,3,岗巴县,2727,2717
2746,540300,1,昌都市,0,2717
2747,540302,3,卡若区,2746,2717
2748,540321,3,江达县,2746,2717
2749,540322,3,贡觉县,2746,2717
2750,540323,3,类乌齐县,2746,2717
2751,540324,3,丁青县,2746,2717
2752,540325,3,察雅县,2746,2717
2753,540326,3,八宿县,2746,2717
2754,540327,3,左贡县,2746,2717
2755,540328,3,芒康县,2746,2717
2756,540329,3,洛隆县,2746,2717
2757,540330,3,边坝县,2746,2717
2758,540400,1,林芝市,0,2717
2759,540402,3,巴宜区,2758,2717
2760,540421,3,工布江达县,2758,2717
2761,540422,3,米林县,2758,2717
2762,540423,3,墨脱县,2758,2717
2763,540424,3,波密县,2758,2717
2764,540425,3,察隅县,2758,2717
2765,540426,3,朗县,2758,2717
2766,540500,1,山南市,0,2717
2767,540502,3,乃东区,2766,2717
2768,540521,3,扎囊县,2766,2717
2769,540522,3,贡嘎县,2766,2717
2770,540523,3,桑日县,2766,2717
2771,540524,3,琼结县,2766,2717
2772,540525,3,曲松县,2766,2717
2773,540526,3,措美县,2766,2717
2774,540527,3,洛扎县,2766,2717
2775,540528,3,加查县,2766,2717
2776,540529,3,隆子县,2766,2717
2777,540530,3,错那县,2766,2717
2778,540531,3,浪卡子县,2766,2717
2779,540600,1,那曲市,0,2717
2780,540602,3,色尼区,2779,2717
2781,540621,3,嘉黎县,2779,2717
2782,540622,3,比如县,2779,2717
2783,540623,3,聂荣县,2779,2717
2784,540624,3,安多县,2779,2717
2785,540625,3,申扎县,2779,2717
2786,540626,3,索县,2779,2717
2787,540627,3,班戈县,2779,2717
2788,540628,3,巴青县,2779,2717
2789,540629,3,尼玛县,2779,2717
2790,540630,3,双湖县,2779,2717
2791,542500,1,阿里地区,0,2717
2792,542521,3,普兰县,2791,2717
2793,542522,3,札达县,2791,2717
2794,542523,3,噶尔县,2791,2717
2795,542524,3,日土县,2791,2717
2796,542525,3,革吉县,2791,2717
2797,542526,3,改则县,2791,2717
2798,542527,3,措勤县,2791,2717
2799,610000,0,陕西省,0,0
2800,610100,1,西安市,0,2799
2801,610102,3,新城区,2800,2799
2802,610103,3,碑林区,2800,2799
2803,610104,3,莲湖区,2800,2799
2804,610111,3,灞桥区,2800,2799
2805,610112,3,未央区,2800,2799
2806,610113,3,雁塔区,2800,2799
2807,610114,3,阎良区,2800,2799
2808,610115,3,临潼区,2800,2799
2809,610116,3,长安区,2800,2799
2810,610117,3,高陵区,2800,2799
2813,610118,3,邑区,2800,2799
2811,610122,3,蓝田县,2800,2799
2812,610124,3,周至县,2800,2799
5015,610171,6,西安高新技术产业开发区,2800,2799
2814,610200,1,铜川市,0,2799
2815,610202,3,王益区,2814,2799
2816,610203,3,印台区,2814,2799
2817,610204,3,耀州区,2814,2799
2818,610222,3,宜君县,2814,2799
2819,610300,1,宝鸡市,0,2799
2820,610302,3,渭滨区,2819,2799
2821,610303,3,金台区,2819,2799
2822,610304,3,陈仓区,2819,2799
2823,610322,3,凤翔县,2819,2799
2824,610323,3,岐山县,2819,2799
2825,610324,3,扶风县,2819,2799
2826,610326,3,眉县,2819,2799
2827,610327,3,陇县,2819,2799
2828,610328,3,千阳县,2819,2799
2829,610329,3,麟游县,2819,2799
2830,610330,3,凤县,2819,2799
2831,610331,3,太白县,2819,2799
2832,610400,1,咸阳市,0,2799
2833,610402,3,秦都区,2832,2799
2834,610403,3,杨陵区,2832,2799
2835,610404,3,渭城区,2832,2799
2836,610422,3,三原县,2832,2799
2837,610423,3,泾阳县,2832,2799
2838,610424,3,乾县,2832,2799
2839,610425,3,礼泉县,2832,2799
2840,610426,3,永寿县,2832,2799
2842,610428,3,长武县,2832,2799
2843,610429,3,旬邑县,2832,2799
2844,610430,3,淳化县,2832,2799
2845,610431,3,武功县,2832,2799
2846,610481,3,兴平市,2832,2799
2841,610482,3,彬州市,2832,2799
2847,610500,1,渭南市,0,2799
2848,610502,3,临渭区,2847,2799
2849,610503,3,华州区,2847,2799
2850,610522,3,潼关县,2847,2799
2851,610523,3,大荔县,2847,2799
2852,610524,3,合阳县,2847,2799
2853,610525,3,澄城县,2847,2799
2854,610526,3,蒲城县,2847,2799
2855,610527,3,白水县,2847,2799
2856,610528,3,富平县,2847,2799
2857,610581,3,韩城市,2847,2799
2858,610582,3,华阴市,2847,2799
2859,610600,1,延安市,0,2799
2860,610602,3,宝塔区,2859,2799
2864,610603,3,安塞区,2859,2799
2861,610621,3,延长县,2859,2799
2862,610622,3,延川县,2859,2799
2863,610623,3,子长市,2859,2799
2865,610625,3,志丹县,2859,2799
2866,610626,3,吴起县,2859,2799
2867,610627,3,甘泉县,2859,2799
2868,610628,3,富县,2859,2799
2869,610629,3,洛川县,2859,2799
2870,610630,3,宜川县,2859,2799
2871,610631,3,黄龙县,2859,2799
2872,610632,3,黄陵县,2859,2799
2873,610700,1,汉中市,0,2799
2874,610702,3,汉台区,2873,2799
2875,610703,3,南郑区,2873,2799
2876,610722,3,城固县,2873,2799
2877,610723,3,洋县,2873,2799
2878,610724,3,西乡县,2873,2799
2879,610725,3,勉县,2873,2799
2880,610726,3,宁强县,2873,2799
2881,610727,3,略阳县,2873,2799
2882,610728,3,镇巴县,2873,2799
2883,610729,3,留坝县,2873,2799
2884,610730,3,佛坪县,2873,2799
2885,610800,1,榆林市,0,2799
2886,610802,3,榆阳区,2885,2799
2887,610803,3,横山区,2885,2799
2889,610822,3,府谷县,2885,2799
2890,610824,3,靖边县,2885,2799
2891,610825,3,定边县,2885,2799
2892,610826,3,绥德县,2885,2799
2893,610827,3,米脂县,2885,2799
2894,610828,3,佳县,2885,2799
2895,610829,3,吴堡县,2885,2799
2896,610830,3,清涧县,2885,2799
2897,610831,3,子洲县,2885,2799
2888,610881,3,神木市,2885,2799
2898,610900,1,安康市,0,2799
2899,610902,3,汉滨区,2898,2799
2900,610921,3,汉阴县,2898,2799
2901,610922,3,石泉县,2898,2799
2902,610923,3,宁陕县,2898,2799
2903,610924,3,紫阳县,2898,2799
2904,610925,3,岚皋县,2898,2799
2905,610926,3,平利县,2898,2799
2906,610927,3,镇坪县,2898,2799
2907,610928,3,旬阳县,2898,2799
2908,610929,3,白河县,2898,2799
2909,611000,1,商洛市,0,2799
2910,611002,3,商州区,2909,2799
2911,611021,3,洛南县,2909,2799
2912,611022,3,丹凤县,2909,2799
2913,611023,3,商南县,2909,2799
2914,611024,3,山阳县,2909,2799
2915,611025,3,镇安县,2909,2799
2916,611026,3,柞水县,2909,2799
2917,620000,0,甘肃省,0,0
2918,620100,1,兰州市,0,2917
2919,620102,3,城关区,2918,2917
2920,620103,3,七里河区,2918,2917
2921,620104,3,西固区,2918,2917
2922,620105,3,安宁区,2918,2917
2923,620111,3,红古区,2918,2917
2924,620121,3,永登县,2918,2917
2925,620122,3,皋兰县,2918,2917
2926,620123,3,榆中县,2918,2917
2927,620200,1,嘉峪关市,0,2917
2928,620300,1,金昌市,0,2917
2929,620302,3,金川区,2928,2917
2930,620321,3,永昌县,2928,2917
2931,620400,1,白银市,0,2917
2932,620402,3,白银区,2931,2917
2933,620403,3,平川区,2931,2917
2934,620421,3,靖远县,2931,2917
2935,620422,3,会宁县,2931,2917
2936,620423,3,景泰县,2931,2917
2937,620500,1,天水市,0,2917
2938,620502,3,秦州区,2937,2917
2939,620503,3,麦积区,2937,2917
2940,620521,3,清水县,2937,2917
2941,620522,3,秦安县,2937,2917
2942,620523,3,甘谷县,2937,2917
2943,620524,3,武山县,2937,2917
2944,620525,3,张家川回族自治县,2937,2917
2945,620600,1,武威市,0,2917
2946,620602,3,凉州区,2945,2917
2947,620621,3,民勤县,2945,2917
2948,620622,3,古浪县,2945,2917
2949,620623,3,天祝藏族自治县,2945,2917
2950,620700,1,张掖市,0,2917
2951,620702,3,甘州区,2950,2917
2952,620721,3,肃南裕固族自治县,2950,2917
2953,620722,3,民乐县,2950,2917
2954,620723,3,临泽县,2950,2917
2955,620724,3,高台县,2950,2917
2956,620725,3,山丹县,2950,2917
2957,620800,1,平凉市,0,2917
2958,620802,3,崆峒区,2957,2917
2959,620821,3,泾川县,2957,2917
2960,620822,3,灵台县,2957,2917
2961,620823,3,崇信县,2957,2917
2963,620825,3,庄浪县,2957,2917
2964,620826,3,静宁县,2957,2917
2962,620881,3,华亭市,2957,2917
2965,620900,1,酒泉市,0,2917
2966,620902,3,肃州区,2965,2917
2967,620921,3,金塔县,2965,2917
2968,620922,3,瓜州县,2965,2917
2969,620923,3,肃北蒙古族自治县,2965,2917
2970,620924,3,阿克塞哈萨克族自治县,2965,2917
2971,620981,3,玉门市,2965,2917
2972,620982,3,敦煌市,2965,2917
2973,621000,1,庆阳市,0,2917
2974,621002,3,西峰区,2973,2917
2975,621021,3,庆城县,2973,2917
2976,621022,3,环县,2973,2917
2977,621023,3,华池县,2973,2917
2978,621024,3,合水县,2973,2917
2979,621025,3,正宁县,2973,2917
2980,621026,3,宁县,2973,2917
2981,621027,3,镇原县,2973,2917
2982,621100,1,定西市,0,2917
2983,621102,3,安定区,2982,2917
2984,621121,3,通渭县,2982,2917
2985,621122,3,陇西县,2982,2917
2986,621123,3,渭源县,2982,2917
2987,621124,3,临洮县,2982,2917
2988,621125,3,漳县,2982,2917
2989,621126,3,岷县,2982,2917
2990,621200,1,陇南市,0,2917
2991,621202,3,武都区,2990,2917
2992,621221,3,成县,2990,2917
2993,621222,3,文县,2990,2917
2994,621223,3,宕昌县,2990,2917
2995,621224,3,康县,2990,2917
2996,621225,3,西和县,2990,2917
2997,621226,3,礼县,2990,2917
2998,621227,3,徽县,2990,2917
2999,621228,3,两当县,2990,2917
3000,622900,1,临夏回族自治州,0,2917
3001,622901,3,临夏市,3000,2917
3002,622921,3,临夏县,3000,2917
3003,622922,3,康乐县,3000,2917
3004,622923,3,永靖县,3000,2917
3005,622924,3,广河县,3000,2917
3006,622925,3,和政县,3000,2917
3007,622926,3,东乡族自治县,3000,2917
3008,622927,3,积石山保安族东乡族撒拉族自治县,3000,2917
3009,623000,1,甘南藏族自治州,0,2917
3010,623001,3,合作市,3009,2917
3011,623021,3,临潭县,3009,2917
3012,623022,3,卓尼县,3009,2917
3013,623023,3,舟曲县,3009,2917
3014,623024,3,迭部县,3009,2917
3015,623025,3,玛曲县,3009,2917
3016,623026,3,碌曲县,3009,2917
3017,623027,3,夏河县,3009,2917
3018,630000,0,青海省,0,0
3019,630100,1,西宁市,0,3018
3020,630102,3,城东区,3019,3018
3021,630103,3,城中区,3019,3018
3022,630104,3,城西区,3019,3018
3023,630105,3,城北区,3019,3018
3024,630121,3,大通回族土族自治县,3019,3018
3025,630122,3,湟中县,3019,3018
3026,630123,3,湟源县,3019,3018
3027,630200,1,海东市,0,3018
3028,630202,3,乐都区,3027,3018
3029,630203,3,平安区,3027,3018
3030,630222,3,民和回族土族自治县,3027,3018
3031,630223,3,互助土族自治县,3027,3018
3032,630224,3,化隆回族自治县,3027,3018
3033,630225,3,循化撒拉族自治县,3027,3018
3034,632200,1,海北藏族自治州,0,3018
3035,632221,3,门源回族自治县,3034,3018
3036,632222,3,祁连县,3034,3018
3037,632223,3,海晏县,3034,3018
3038,632224,3,刚察县,3034,3018
3039,632300,1,黄南藏族自治州,0,3018
3040,632321,3,同仁县,3039,3018
3041,632322,3,尖扎县,3039,3018
3042,632323,3,泽库县,3039,3018
3043,632324,3,河南蒙古族自治县,3039,3018
3044,632500,1,海南藏族自治州,0,3018
3045,632521,3,共和县,3044,3018
3046,632522,3,同德县,3044,3018
3047,632523,3,贵德县,3044,3018
3048,632524,3,兴海县,3044,3018
3049,632525,3,贵南县,3044,3018
3050,632600,1,果洛藏族自治州,0,3018
3051,632621,3,玛沁县,3050,3018
3052,632622,3,班玛县,3050,3018
3053,632623,3,甘德县,3050,3018
3054,632624,3,达日县,3050,3018
3055,632625,3,久治县,3050,3018
3056,632626,3,玛多县,3050,3018
3057,632700,1,玉树藏族自治州,0,3018
3058,632701,3,玉树市,3057,3018
3059,632722,3,杂多县,3057,3018
3060,632723,3,称多县,3057,3018
3061,632724,3,治多县,3057,3018
3062,632725,3,囊谦县,3057,3018
3063,632726,3,曲麻莱县,3057,3018
3064,632800,1,海西蒙古族藏族自治州,0,3018
3065,632801,3,格尔木市,3064,3018
3066,632802,3,德令哈市,3064,3018
3228,632803,3,茫崖市,3064,3018
3067,632821,3,乌兰县,3064,3018
3068,632822,3,都兰县,3064,3018
3069,632823,3,天峻县,3064,3018
3232,632825,3,海西蒙古族藏族自治州直辖,3064,3018
3070,640000,0,宁夏回族自治区,0,0
3071,640100,1,银川市,0,3070
3072,640104,3,兴庆区,3071,3070
3073,640105,3,西夏区,3071,3070
3074,640106,3,金凤区,3071,3070
3075,640121,3,永宁县,3071,3070
3076,640122,3,贺兰县,3071,3070
3077,640181,3,灵武市,3071,3070
3078,640200,1,石嘴山市,0,3070
3079,640202,3,大武口区,3078,3070
3080,640205,3,惠农区,3078,3070
3081,640221,3,平罗县,3078,3070
3082,640300,1,吴忠市,0,3070
3083,640302,3,利通区,3082,3070
3084,640303,3,红寺堡区,3082,3070
3085,640323,3,盐池县,3082,3070
3086,640324,3,同心县,3082,3070
3087,640381,3,青铜峡市,3082,3070
3088,640400,1,固原市,0,3070
3089,640402,3,原州区,3088,3070
3090,640422,3,西吉县,3088,3070
3091,640423,3,隆德县,3088,3070
3092,640424,3,泾源县,3088,3070
3093,640425,3,彭阳县,3088,3070
3094,640500,1,中卫市,0,3070
3095,640502,3,沙坡头区,3094,3070
3096,640521,3,中宁县,3094,3070
3097,640522,3,海原县,3094,3070
3098,650000,0,新疆维吾尔自治区,0,0
3099,650100,1,乌鲁木齐市,0,3098
3100,650102,3,天山区,3099,3098
3101,650103,3,沙依巴克区,3099,3098
3102,650104,3,新市区,3099,3098
3103,650105,3,水磨沟区,3099,3098
3104,650106,3,头屯河区,3099,3098
3105,650107,3,达坂城区,3099,3098
3106,650109,3,米东区,3099,3098
3107,650121,3,乌鲁木齐县,3099,3098
3108,650200,1,克拉玛依市,0,3098
3109,650202,3,独山子区,3108,3098
3110,650203,3,克拉玛依区,3108,3098
3111,650204,3,白碱滩区,3108,3098
3112,650205,3,乌尔禾区,3108,3098
3113,650400,1,吐鲁番市,0,3098
3114,650402,3,高昌区,3113,3098
3115,650421,3,鄯善县,3113,3098
3116,650422,3,托克逊县,3113,3098
3117,650500,1,哈密市,0,3098
3118,650502,3,伊州区,3117,3098
3119,650521,3,巴里坤哈萨克自治县,3117,3098
3120,650522,3,伊吾县,3117,3098
3121,652300,1,昌吉回族自治州,0,3098
3122,652301,3,昌吉市,3121,3098
3123,652302,3,阜康市,3121,3098
3124,652323,3,呼图壁县,3121,3098
3125,652324,3,玛纳斯县,3121,3098
3126,652325,3,奇台县,3121,3098
3127,652327,3,吉木萨尔县,3121,3098
3128,652328,3,木垒哈萨克自治县,3121,3098
3129,652700,1,博尔塔拉蒙古自治州,0,3098
3130,652701,3,博乐市,3129,3098
3131,652702,3,阿拉山口市,3129,3098
3132,652722,3,精河县,3129,3098
3133,652723,3,温泉县,3129,3098
3134,652800,1,巴音郭楞蒙古自治州,0,3098
3135,652801,3,库尔勒市,3134,3098
3136,652822,3,轮台县,3134,3098
3137,652823,3,尉犁县,3134,3098
3138,652824,3,若羌县,3134,3098
3139,652825,3,且末县,3134,3098
3140,652826,3,焉耆回族自治县,3134,3098
3141,652827,3,和静县,3134,3098
3142,652828,3,和硕县,3134,3098
3143,652829,3,博湖县,3134,3098
3144,652900,1,阿克苏地区,0,3098
3145,652901,3,阿克苏市,3144,3098
3146,652922,3,温宿县,3144,3098
3147,652923,3,库车县,3144,3098
3148,652924,3,沙雅县,3144,3098
3149,652925,3,新和县,3144,3098
3150,652926,3,拜城县,3144,3098
3151,652927,3,乌什县,3144,3098
3152,652928,3,阿瓦提县,3144,3098
3153,652929,3,柯坪县,3144,3098
3154,653000,1,克孜勒苏柯尔克孜自治州,0,3098
3155,653001,3,阿图什市,3154,3098
3156,653022,3,阿克陶县,3154,3098
3157,653023,3,阿合奇县,3154,3098
3158,653024,3,乌恰县,3154,3098
3159,653100,1,喀什地区,0,3098
3160,653101,3,喀什市,3159,3098
3161,653121,3,疏附县,3159,3098
3162,653122,3,疏勒县,3159,3098
3163,653123,3,英吉沙县,3159,3098
3164,653124,3,泽普县,3159,3098
3165,653125,3,莎车县,3159,3098
3166,653126,3,叶城县,3159,3098
3167,653127,3,麦盖提县,3159,3098
3168,653128,3,岳普湖县,3159,3098
3169,653129,3,伽师县,3159,3098
3170,653130,3,巴楚县,3159,3098
3171,653131,3,塔什库尔干塔吉克自治县,3159,3098
3172,653200,1,和田地区,0,3098
3173,653201,3,和田市,3172,3098
3174,653221,3,和田县,3172,3098
3175,653222,3,墨玉县,3172,3098
3176,653223,3,皮山县,3172,3098
3177,653224,3,洛浦县,3172,3098
3178,653225,3,策勒县,3172,3098
3179,653226,3,于田县,3172,3098
3180,653227,3,民丰县,3172,3098
3181,654000,1,伊犁哈萨克自治州,0,3098
3182,654002,3,伊宁市,3181,3098
3183,654003,3,奎屯市,3181,3098
3184,654004,3,霍尔果斯市,3181,3098
3185,654021,3,伊宁县,3181,3098
3186,654022,3,察布查尔锡伯自治县,3181,3098
3187,654023,3,霍城县,3181,3098
3188,654024,3,巩留县,3181,3098
3189,654025,3,新源县,3181,3098
3190,654026,3,昭苏县,3181,3098
3191,654027,3,特克斯县,3181,3098
3192,654028,3,尼勒克县,3181,3098
3193,654200,1,塔城地区,0,3098
3194,654201,3,塔城市,3193,3098
3195,654202,3,乌苏市,3193,3098
3196,654221,3,额敏县,3193,3098
3197,654223,3,沙湾县,3193,3098
3198,654224,3,托里县,3193,3098
3199,654225,3,裕民县,3193,3098
3200,654226,3,和布克赛尔蒙古自治县,3193,3098
3201,654300,1,阿勒泰地区,0,3098
3202,654301,3,阿勒泰市,3201,3098
3203,654321,3,布尔津县,3201,3098
3204,654322,3,富蕴县,3201,3098
3205,654323,3,福海县,3201,3098
3206,654324,3,哈巴河县,3201,3098
3207,654325,3,青河县,3201,3098
3208,654326,3,吉木乃县,3201,3098
3209,659001,5,石河子市,0,3098
3210,659002,5,阿拉尔市,0,3098
3211,659003,5,图木舒克市,0,3098
3212,659004,5,五家渠市,0,3098
3213,659005,5,北屯市,0,3098
3214,659006,5,铁门关市,0,3098
3215,659007,5,双河市,0,3098
3216,659008,5,可克达拉市,0,3098
3227,659009,5,昆玉市,0,3098
3217,710000,0,台湾省,0,0
3218,810000,2,香港特别行政区,0,0
3219,820000,2,澳门特别行政区,0,0
